date,time,1:t_gpu,1:gpc_clk,1:slowdown,1:clk_mem,1:gpc_util,1:fb_util,1:p_state,1:pwr_tgp,1:NVVDD,1:NVVDDS,1:?,1:fan_rpm,1:pcie_gpu_width,1:pcie_gpu_L0s,1:pcie_gpu_L1,1:pcie_gpu_speed,1:pcie_root_width,1:pcie_root_L0s,1:pcie_root_L1,1:pcie_root_speed,1:GPU_CE,1:GPU_NF,1:GPU_FE,1:GPU_UR,1:ROOT_CE,1:ROOT_NF,1:ROOT_FE,1:ROOT_UR,1:Total_Time_GC6,1:Total_Time_Enter_GC6,1:Total_Time_Exit_GC6,1:GC6_Transition_Count,1:Not_Enter_GC6_Reason,1:?,1:thml_cap,1:pwr_cap,1:volt_cap,1:pstate_cap,1:cpu_pstate,1:cpu_cap,1:cpu_temp
2019/11/27,14:47:46,42.0313,300,9%,405,0,5,8,3438,0,N/A,?,0,16,1,1,1,16,1,1,1,0,0,0,0,0,0,0,0,N/A,N/A,N/A,N/A,N/A,?,0,0,0,N/A,P1,P0,44
2019/11/27,14:47:47,41.8438,300,9%,405,1,5,8,2866,0,N/A,?,0,16,1,1,1,16,1,1,1,0,0,0,0,0,0,0,0,N/A,N/A,N/A,N/A,N/A,?,0,0,0,N/A,P1,P0,44
2019/11/27,14:47:48,41.8438,300,9%,405,0,5,8,3549,0,N/A,?,0,16,1,1,1,16,1,1,1,0,0,0,0,0,0,0,0,N/A,N/A,N/A,N/A,N/A,?,0,0,0,N/A,P1,P0,44
2019/11/27,14:47:49,41.875,300,9%,405,0,5,8,3427,0,N/A,?,0,16,1,1,1,16,1,1,1,0,0,0,0,0,0,0,0,N/A,N/A,N/A,N/A,N/A,?,0,0,0,N/A,P1,P0,45
2019/11/27,14:47:50,41.9688,300,9%,405,0,5,8,3402,0,N/A,?,0,16,1,1,1,16,1,1,1,0,0,0,0,0,0,0,0,N/A,N/A,N/A,N/A,N/A,?,0,0,0,N/A,P1,P0,44
2019/11/27,14:47:51,41.9375,300,9%,405,0,5,8,2810,0,N/A,?,0,16,1,1,1,16,1,1,1,0,0,0,0,0,0,0,0,N/A,N/A,N/A,N/A,N/A,?,0,0,0,N/A,P1,P0,44
2019/11/27,14:47:52,42.0625,300,9%,405,0,5,8,3610,0,N/A,?,0,16,1,1,1,16,1,1,1,0,0,0,0,0,0,0,0,N/A,N/A,N/A,N/A,N/A,?,0,0,0,N/A,P1,P0,44
2019/11/27,14:47:53,42.0313,300,8%,405,0,5,8,3452,0,N/A,?,0,16,1,1,1,16,1,1,1,0,0,0,0,0,0,0,0,N/A,N/A,N/A,N/A,N/A,?,0,0,0,N/A,P1,P0,45
2019/11/27,14:47:54,42,300,9%,405,0,5,8,2828,0,N/A,?,0,16,1,1,1,16,1,1,1,0,0,0,0,0,0,0,0,N/A,N/A,N/A,N/A,N/A,?,0,0,0,N/A,P1,P0,44
2019/11/27,14:47:55,41.9375,300,9%,405,0,5,8,2792,0,N/A,?,0,16,1,1,1,16,1,1,1,0,0,0,0,0,0,0,0,N/A,N/A,N/A,N/A,N/A,?,0,0,0,N/A,P1,P0,45
2019/11/27,14:47:56,42.5,1395,2%,4001,0,5,0,13041,0,N/A,?,0,16,0,0,3,16,1,1,3,0,0,0,0,0,0,0,0,N/A,N/A,N/A,N/A,N/A,?,0,0,0,N/A,P1,P0,47
2019/11/27,14:47:57,43.25,1395,75%,4001,1,1,0,12872,0,N/A,?,0,16,0,0,3,16,1,1,3,0,0,0,0,0,0,0,0,N/A,N/A,N/A,N/A,N/A,?,0,0,0,N/A,P1,P0,48
2019/11/27,14:47:58,43.2188,1395,101%,4001,0,0,0,12976,0,N/A,?,0,16,0,0,3,16,1,1,3,0,0,0,0,0,0,0,0,N/A,N/A,N/A,N/A,N/A,?,0,0,0,N/A,P1,P0,47
2019/11/27,14:47:59,43.5,1395,101%,4001,0,0,0,12973,0,N/A,?,0,16,0,0,3,16,1,1,3,0,0,0,0,0,0,0,0,N/A,N/A,N/A,N/A,N/A,?,0,0,0,N/A,P1,P0,47
2019/11/27,14:48:00,42.5313,345,360%,405,0,1,8,4750,0,N/A,?,0,16,1,1,1,16,1,1,1,0,0,0,0,0,0,0,0,N/A,N/A,N/A,N/A,N/A,?,0,0,0,N/A,P1,P0,49
2019/11/27,14:48:01,42.75,300,19%,405,0,5,8,2948,0,N/A,?,0,16,1,1,1,16,1,1,1,0,0,0,0,0,0,0,0,N/A,N/A,N/A,N/A,N/A,?,0,0,0,N/A,P1,P0,47
2019/11/27,14:48:02,42.5,300,14%,405,0,5,8,2911,0,N/A,?,0,16,1,1,1,16,1,1,1,0,0,0,0,0,0,0,0,N/A,N/A,N/A,N/A,N/A,?,0,0,0,N/A,P1,P0,45
2019/11/27,14:48:03,42.5,300,9%,405,0,5,8,3379,0,N/A,?,0,16,1,1,1,16,1,1,1,0,0,0,0,0,0,0,0,N/A,N/A,N/A,N/A,N/A,?,0,0,0,N/A,P1,P0,53
2019/11/27,14:48:04,42.6875,300,9%,405,0,5,8,2916,0,N/A,?,0,16,1,1,1,16,1,1,1,0,0,0,0,0,0,0,0,N/A,N/A,N/A,N/A,N/A,?,0,0,0,N/A,P1,P0,47
2019/11/27,14:48:05,43.5313,1395,3%,4001,1,5,0,12910,0,N/A,?,0,16,0,0,3,16,1,1,3,0,0,0,0,0,0,0,0,N/A,N/A,N/A,N/A,N/A,?,0,0,0,N/A,P1,P0,51
2019/11/27,14:48:06,43.8125,1395,85%,4001,2,1,0,14233,0,N/A,?,0,16,0,0,3,16,1,1,3,0,0,0,0,0,0,0,0,N/A,N/A,N/A,N/A,N/A,?,0,0,0,N/A,P1,P0,51
2019/11/27,14:48:07,44.0938,1395,101%,4001,2,1,0,13990,0,N/A,?,0,16,0,0,3,16,1,1,3,0,0,0,0,0,0,0,0,N/A,N/A,N/A,N/A,N/A,?,0,0,0,N/A,P1,P0,51
2019/11/27,14:48:08,44.1875,1395,101%,4001,1,0,0,13815,0,N/A,?,0,16,0,0,3,16,1,1,3,0,0,0,0,0,0,0,0,N/A,N/A,N/A,N/A,N/A,?,0,0,0,N/A,P1,P0,50
2019/11/27,14:48:09,43.4375,345,353%,405,2,1,8,4545,0,N/A,?,0,16,1,1,1,16,1,1,1,0,0,0,0,0,0,0,0,N/A,N/A,N/A,N/A,N/A,?,0,0,0,N/A,P1,P0,50
2019/11/27,14:48:10,43.4688,345,100%,405,2,3,8,3877,0,N/A,?,0,16,1,1,1,16,1,1,1,0,0,0,0,0,0,0,0,N/A,N/A,N/A,N/A,N/A,?,0,0,0,N/A,P1,P0,49
2019/11/27,14:48:11,43.4063,300,82%,405,0,2,8,3991,0,N/A,?,0,16,1,1,1,16,1,1,1,0,0,0,0,0,0,0,0,N/A,N/A,N/A,N/A,N/A,?,0,0,0,N/A,P1,P0,49
2019/11/27,14:48:12,43.4688,300,50%,405,2,3,8,3922,0,N/A,?,0,16,1,1,1,16,1,1,1,0,0,0,0,0,0,0,0,N/A,N/A,N/A,N/A,N/A,?,0,0,0,N/A,P1,P0,51
2019/11/27,14:48:13,43.625,300,50%,405,0,2,8,3939,0,N/A,?,0,16,1,1,1,16,1,1,1,0,0,0,0,0,0,0,0,N/A,N/A,N/A,N/A,N/A,?,0,0,0,N/A,P1,P0,52
2019/11/27,14:48:14,43.5,300,50%,405,0,2,8,3833,0,N/A,?,0,16,1,1,1,16,1,1,1,0,0,0,0,0,0,0,0,N/A,N/A,N/A,N/A,N/A,?,0,0,0,N/A,P1,P0,51
2019/11/27,14:48:15,43.7813,300,50%,405,0,2,8,6532,0,N/A,?,0,16,1,1,1,16,1,1,1,0,0,0,0,0,0,0,0,N/A,N/A,N/A,N/A,N/A,?,0,0,0,N/A,P1,P0,54
2019/11/27,14:48:16,50,1740,32%,4001,62,27,0,49737,0,N/A,?,0,16,0,0,3,16,1,1,3,0,0,0,0,0,0,0,0,N/A,N/A,N/A,N/A,N/A,?,0,0,0,N/A,P1,P0,48
2019/11/27,14:48:17,50.4063,1800,99%,4001,66,23,0,49341,0,N/A,?,0,16,0,0,3,16,1,1,3,0,0,0,0,0,0,0,0,N/A,N/A,N/A,N/A,N/A,?,0,0,0,N/A,P1,P0,49
2019/11/27,14:48:18,50.8125,1800,99%,4001,90,32,0,48673,0,N/A,?,0,16,0,0,3,16,1,1,3,0,0,0,0,0,0,0,0,N/A,N/A,N/A,N/A,N/A,?,0,0,0,N/A,P1,P0,50
2019/11/27,14:48:19,51.4063,1785,100%,4001,90,32,0,50228,0,N/A,?,0,16,0,0,3,16,1,1,3,0,0,0,0,0,0,0,0,N/A,N/A,N/A,N/A,N/A,?,0,0,0,N/A,P1,P0,50
2019/11/27,14:48:20,51.8438,1770,100%,4001,92,32,0,48702,0,N/A,?,0,16,0,0,3,16,1,1,3,0,0,0,0,0,0,0,0,N/A,N/A,N/A,N/A,N/A,?,0,0,0,N/A,P1,P0,57
2019/11/27,14:48:21,52.5,1740,101%,4001,94,32,0,49967,0,N/A,?,0,16,0,0,3,16,1,1,3,0,0,0,0,0,0,0,0,N/A,N/A,N/A,N/A,N/A,?,0,0,0,N/A,P1,P0,55
2019/11/27,14:48:22,52.8438,1740,100%,4001,97,34,0,46689,0,N/A,?,0,16,0,0,3,16,1,1,3,0,0,0,0,0,0,0,0,N/A,N/A,N/A,N/A,N/A,?,0,0,0,N/A,P1,P0,52
2019/11/27,14:48:23,53.25,1770,97%,4001,99,34,0,48845,0,N/A,?,0,16,0,0,3,16,1,1,3,0,0,0,0,0,0,0,0,N/A,N/A,N/A,N/A,N/A,?,0,0,0,N/A,P1,P0,52
2019/11/27,14:48:24,54.2188,1740,99%,4001,97,33,0,48018,0,N/A,?,0,16,0,0,3,16,1,1,3,0,0,0,0,0,0,0,0,N/A,N/A,N/A,N/A,N/A,?,0,0,0,N/A,P1,P0,53
2019/11/27,14:48:25,54.3438,1740,99%,4001,99,32,0,50945,0,N/A,?,0,16,0,0,3,16,1,1,3,0,0,0,0,0,0,0,0,N/A,N/A,N/A,N/A,N/A,?,0,0,0,N/A,P1,P0,55
2019/11/27,14:48:26,54.9063,1740,99%,4001,99,33,0,50860,0,N/A,?,0,16,0,0,3,16,1,1,3,0,0,0,0,0,0,0,0,N/A,N/A,N/A,N/A,N/A,?,0,0,0,N/A,P1,P0,56
2019/11/27,14:48:27,54.9688,1770,98%,4001,99,33,0,48324,0,N/A,?,0,16,0,0,3,16,1,1,3,0,0,0,0,0,0,0,0,N/A,N/A,N/A,N/A,N/A,?,0,0,0,N/A,P1,P0,53
2019/11/27,14:48:28,55.5938,1770,98%,4001,98,33,0,50909,0,N/A,?,0,16,0,0,3,16,1,1,3,0,0,0,0,0,0,0,0,N/A,N/A,N/A,N/A,N/A,?,0,0,0,N/A,P1,P0,53
2019/11/27,14:48:29,55.9688,1770,99%,4001,97,32,0,51451,0,N/A,?,0,16,0,0,3,16,1,1,3,0,0,0,0,0,0,0,0,N/A,N/A,N/A,N/A,N/A,?,0,0,0,N/A,P1,P0,54
2019/11/27,14:48:30,56.1563,1770,99%,4001,95,31,0,49517,0,N/A,?,0,16,0,0,3,16,1,1,3,0,0,0,0,0,0,0,0,N/A,N/A,N/A,N/A,N/A,?,0,0,0,N/A,P1,P0,54
2019/11/27,14:48:31,56.3125,1785,99%,4001,95,31,0,51944,0,N/A,?,0,16,0,0,3,16,1,1,3,0,0,0,0,0,0,0,0,N/A,N/A,N/A,N/A,N/A,?,0,0,0,N/A,P1,P0,64
2019/11/27,14:48:32,56.8125,1785,99%,4001,96,27,0,50354,0,N/A,?,0,16,0,0,3,16,1,1,3,0,0,0,0,0,0,0,0,N/A,N/A,N/A,N/A,N/A,?,0,0,0,N/A,P0,P0,60
2019/11/27,14:48:33,56.625,1785,99%,4001,98,27,0,48618,0,N/A,?,0,16,0,0,3,16,1,1,3,0,0,0,0,0,0,0,0,N/A,N/A,N/A,N/A,N/A,?,0,0,0,N/A,P0,P0,60
2019/11/27,14:48:34,57.2188,1770,100%,4001,98,27,0,51252,0,N/A,?,0,16,0,0,3,16,1,1,3,0,0,0,0,0,0,0,0,N/A,N/A,N/A,N/A,N/A,?,0,0,0,N/A,P0,P0,70
2019/11/27,14:48:35,57.125,1770,99%,4001,97,28,0,46738,0,N/A,?,0,16,0,0,3,16,1,1,3,0,0,0,0,0,0,0,0,N/A,N/A,N/A,N/A,N/A,?,0,0,0,N/A,P0,P0,62
2019/11/27,14:48:36,57.4375,1740,101%,4001,96,28,0,50247,0,N/A,?,0,16,0,0,3,16,1,1,3,0,0,0,0,0,0,0,0,N/A,N/A,N/A,N/A,N/A,?,0,0,0,N/A,P0,P0,62
2019/11/27,14:48:37,57.2188,1755,100%,4001,96,31,0,49631,0,N/A,?,0,16,0,0,3,16,1,1,3,0,0,0,0,0,0,0,0,N/A,N/A,N/A,N/A,N/A,?,0,0,0,N/A,P0,P0,62
2019/11/27,14:48:38,57.4688,1755,99%,4001,97,34,0,49814,0,N/A,?,0,16,0,0,3,16,1,1,3,0,0,0,0,0,0,0,0,N/A,N/A,N/A,N/A,N/A,?,0,0,0,N/A,P0,P0,63
2019/11/27,14:48:39,57.7813,1755,99%,4001,99,34,0,49393,0,N/A,?,0,16,0,0,3,16,1,1,3,0,0,0,0,0,0,0,0,N/A,N/A,N/A,N/A,N/A,?,0,0,0,N/A,P0,P0,65
2019/11/27,14:48:40,57.5938,1755,99%,4001,99,34,0,49757,0,N/A,?,0,16,0,0,3,16,1,1,3,0,0,0,0,0,0,0,0,N/A,N/A,N/A,N/A,N/A,?,0,0,0,N/A,P0,P0,66
2019/11/27,14:48:41,57.9063,1740,100%,4001,99,34,0,53618,0,N/A,?,0,16,0,0,3,16,1,1,3,0,0,0,0,0,0,0,0,N/A,N/A,N/A,N/A,N/A,?,0,0,0,N/A,P0,P0,67
2019/11/27,14:48:42,57.6875,1710,99%,4001,98,38,0,47220,0,N/A,?,0,16,0,0,3,16,1,1,3,0,0,0,0,0,0,0,0,N/A,N/A,N/A,N/A,N/A,?,0,0,0,N/A,P0,P0,65
2019/11/27,14:48:43,58.0938,1710,100%,4001,98,38,0,51184,0,N/A,?,0,16,0,0,3,16,1,1,3,0,0,0,0,0,0,0,0,N/A,N/A,N/A,N/A,N/A,?,0,0,0,N/A,P0,P0,67
2019/11/27,14:48:44,58,1725,99%,4001,98,38,0,48644,0,N/A,?,0,16,0,0,3,16,1,1,3,0,0,0,0,0,0,0,0,N/A,N/A,N/A,N/A,N/A,?,0,0,0,N/A,P0,P0,66
2019/11/27,14:48:45,58.2813,1710,99%,4001,99,39,0,50888,0,N/A,?,0,16,0,0,3,16,1,1,3,0,0,0,0,0,0,0,0,N/A,N/A,N/A,N/A,N/A,?,0,0,0,N/A,P0,P0,68
2019/11/27,14:48:46,58.3125,1695,100%,4001,98,39,0,53188,0,N/A,?,0,16,0,0,3,16,1,1,3,0,0,0,0,0,0,0,0,N/A,N/A,N/A,N/A,N/A,?,0,0,0,N/A,P0,P0,66
2019/11/27,14:48:47,58.3438,1725,99%,4001,98,39,0,49047,0,N/A,?,0,16,0,0,3,16,1,1,3,0,0,0,0,0,0,0,0,N/A,N/A,N/A,N/A,N/A,?,0,0,0,N/A,P0,P0,67
2019/11/27,14:48:48,58.4688,1725,100%,4001,97,39,0,50707,0,N/A,?,0,16,0,0,3,16,1,1,3,0,0,0,0,0,0,0,0,N/A,N/A,N/A,N/A,N/A,?,0,0,0,N/A,P0,P0,67
2019/11/27,14:48:49,58.3125,1725,100%,4001,98,39,0,50788,0,N/A,?,0,16,0,0,3,16,1,1,3,0,0,0,0,0,0,0,0,N/A,N/A,N/A,N/A,N/A,?,0,0,0,N/A,P0,P0,66
2019/11/27,14:48:50,58.375,1725,100%,4001,98,39,0,48890,0,N/A,?,0,16,0,0,3,16,1,1,3,0,0,0,0,0,0,0,0,N/A,N/A,N/A,N/A,N/A,?,0,0,0,N/A,P0,P0,69
2019/11/27,14:48:51,58.5313,1740,99%,4001,98,39,0,50794,0,N/A,?,0,16,0,0,3,16,1,1,3,0,0,0,0,0,0,0,0,N/A,N/A,N/A,N/A,N/A,?,0,0,0,N/A,P0,P0,67
2019/11/27,14:48:52,58.3438,1725,100%,4001,98,39,0,48066,0,N/A,?,0,16,0,0,3,16,1,1,3,0,0,0,0,0,0,0,0,N/A,N/A,N/A,N/A,N/A,?,0,0,0,N/A,P0,P0,66
2019/11/27,14:48:53,58.5625,1725,100%,4001,98,39,0,50824,0,N/A,?,0,16,0,0,3,16,1,1,3,0,0,0,0,0,0,0,0,N/A,N/A,N/A,N/A,N/A,?,0,0,0,N/A,P0,P0,67
2019/11/27,14:48:54,58.5,1695,102%,4001,98,38,0,49501,0,N/A,?,0,16,0,0,3,16,1,1,3,0,0,0,0,0,0,0,0,N/A,N/A,N/A,N/A,N/A,?,0,0,0,N/A,P0,P0,65
2019/11/27,14:48:55,58.4063,1650,102%,4001,98,32,0,47397,0,N/A,?,0,16,0,0,3,16,1,1,3,0,0,0,0,0,0,0,0,N/A,N/A,N/A,N/A,N/A,?,0,0,0,N/A,P0,P0,73
2019/11/27,14:48:56,58.5625,1665,100%,4001,98,32,0,49685,0,N/A,?,0,16,0,0,3,16,1,1,3,0,0,0,0,0,0,0,0,N/A,N/A,N/A,N/A,N/A,?,0,0,0,N/A,P0,P0,63
2019/11/27,14:48:57,58.6563,1680,100%,4001,98,32,0,49239,0,N/A,?,0,16,0,0,3,16,1,1,3,0,0,0,0,0,0,0,0,N/A,N/A,N/A,N/A,N/A,?,0,0,0,N/A,P0,P0,64
2019/11/27,14:48:58,58.6875,1680,100%,4001,98,33,0,49383,0,N/A,?,0,16,0,0,3,16,1,1,3,0,0,0,0,0,0,0,0,N/A,N/A,N/A,N/A,N/A,?,0,0,0,N/A,P0,P0,64
2019/11/27,14:48:59,58.5938,1680,100%,4001,98,33,0,49305,0,N/A,?,0,16,0,0,3,16,1,1,3,0,0,0,0,0,0,0,0,N/A,N/A,N/A,N/A,N/A,?,0,0,0,N/A,P0,P0,62
2019/11/27,14:49:00,58.3438,1680,100%,4001,98,32,0,50004,0,N/A,?,0,16,0,0,3,16,1,1,3,0,0,0,0,0,0,0,0,N/A,N/A,N/A,N/A,N/A,?,0,0,0,N/A,P0,P0,71
2019/11/27,14:49:01,58.5313,1695,98%,4001,99,32,0,50226,0,N/A,?,0,16,0,0,3,16,1,1,3,0,0,0,0,0,0,0,0,N/A,N/A,N/A,N/A,N/A,?,0,0,0,N/A,P0,P0,62
2019/11/27,14:49:02,58.6875,1695,99%,4001,98,31,0,50510,0,N/A,?,0,16,0,0,3,16,1,1,3,0,0,0,0,0,0,0,0,N/A,N/A,N/A,N/A,N/A,?,0,0,0,N/A,P0,P0,62
2019/11/27,14:49:03,58.5313,1680,100%,4001,96,31,0,50362,0,N/A,?,0,16,0,0,3,16,1,1,3,0,0,0,0,0,0,0,0,N/A,N/A,N/A,N/A,N/A,?,0,0,0,N/A,P0,P0,62
2019/11/27,14:49:04,58.5625,1710,98%,4001,98,32,0,51692,0,N/A,?,0,16,0,0,3,16,1,1,3,0,0,0,0,0,0,0,0,N/A,N/A,N/A,N/A,N/A,?,0,0,0,N/A,P0,P0,64
2019/11/27,14:49:05,58.3125,1695,100%,4001,99,35,0,50266,0,N/A,?,0,16,0,0,3,16,1,1,3,0,0,0,0,0,0,0,0,N/A,N/A,N/A,N/A,N/A,?,0,0,0,N/A,P0,P0,63
2019/11/27,14:49:06,58.0938,1710,98%,4001,99,36,0,48293,0,N/A,?,0,16,0,0,3,16,1,1,3,0,0,0,0,0,0,0,0,N/A,N/A,N/A,N/A,N/A,?,0,0,0,N/A,P0,P0,65
2019/11/27,14:49:07,58.3125,1680,100%,4001,99,36,0,52860,0,N/A,?,0,16,0,0,3,16,1,1,3,0,0,0,0,0,0,0,0,N/A,N/A,N/A,N/A,N/A,?,0,0,0,N/A,P0,P0,64
2019/11/27,14:49:08,58.25,1710,98%,4001,99,35,0,48958,0,N/A,?,0,16,0,0,3,16,1,1,3,0,0,0,0,0,0,0,0,N/A,N/A,N/A,N/A,N/A,?,0,0,0,N/A,P0,P0,63
2019/11/27,14:49:09,57.7188,1695,99%,4001,99,35,0,48466,0,N/A,?,0,16,0,0,3,16,1,1,3,0,0,0,0,0,0,0,0,N/A,N/A,N/A,N/A,N/A,?,0,0,0,N/A,P0,P0,63
2019/11/27,14:49:10,57.8438,1680,99%,4001,99,35,0,50546,0,N/A,?,0,16,0,0,3,16,1,1,3,0,0,0,0,0,0,0,0,N/A,N/A,N/A,N/A,N/A,?,0,0,0,N/A,P0,P0,63
2019/11/27,14:49:11,57.7188,1695,98%,4001,99,35,0,47626,0,N/A,?,0,16,0,0,3,16,1,1,3,0,0,0,0,0,0,0,0,N/A,N/A,N/A,N/A,N/A,?,0,0,0,N/A,P0,P0,64
2019/11/27,14:49:12,57.5938,1665,100%,4001,99,34,0,51211,0,N/A,?,0,16,0,0,3,16,1,1,3,0,0,0,0,0,0,0,0,N/A,N/A,N/A,N/A,N/A,?,0,0,0,N/A,P0,P0,62
2019/11/27,14:49:13,57.5313,1680,99%,4001,99,35,0,51863,0,N/A,?,0,16,0,0,3,16,1,1,3,0,0,0,0,0,0,0,0,N/A,N/A,N/A,N/A,N/A,?,0,0,0,N/A,P0,P0,62
2019/11/27,14:49:14,57.7188,1695,99%,4001,99,35,0,48480,0,N/A,?,0,16,0,0,3,16,1,1,3,0,0,0,0,0,0,0,0,N/A,N/A,N/A,N/A,N/A,?,0,0,0,N/A,P0,P0,62
2019/11/27,14:49:15,57.8438,1680,100%,4001,99,34,0,52917,0,N/A,?,0,16,0,0,3,16,1,1,3,0,0,0,0,0,0,0,0,N/A,N/A,N/A,N/A,N/A,?,0,0,0,N/A,P0,P0,63
2019/11/27,14:49:16,57.875,1695,99%,4001,99,33,0,49495,0,N/A,?,0,16,0,0,3,16,1,1,3,0,0,0,0,0,0,0,0,N/A,N/A,N/A,N/A,N/A,?,0,0,0,N/A,P0,P0,66
2019/11/27,14:49:17,57.875,1680,100%,4001,99,33,0,53289,0,N/A,?,0,16,0,0,3,16,1,1,3,0,0,0,0,0,0,0,0,N/A,N/A,N/A,N/A,N/A,?,0,0,0,N/A,P0,P0,61
2019/11/27,14:49:18,57.5625,1695,99%,4001,99,31,0,51032,0,N/A,?,0,16,0,0,3,16,1,1,3,0,0,0,0,0,0,0,0,N/A,N/A,N/A,N/A,N/A,?,0,0,0,N/A,P0,P0,62
2019/11/27,14:49:19,57.9063,1695,99%,4001,99,32,0,52086,0,N/A,?,0,16,0,0,3,16,1,1,3,0,0,0,0,0,0,0,0,N/A,N/A,N/A,N/A,N/A,?,0,0,0,N/A,P0,P0,64
2019/11/27,14:49:20,57.375,1695,99%,4001,99,32,0,52285,0,N/A,?,0,16,0,0,3,16,1,1,3,0,0,0,0,0,0,0,0,N/A,N/A,N/A,N/A,N/A,?,0,0,0,N/A,P0,P0,62
2019/11/27,14:49:21,57.5938,1665,101%,4001,99,32,0,52018,0,N/A,?,0,16,0,0,3,16,1,1,3,0,0,0,0,0,0,0,0,N/A,N/A,N/A,N/A,N/A,?,0,0,0,N/A,P0,P0,75
2019/11/27,14:49:22,57.5313,1680,100%,4001,99,33,0,52228,0,N/A,?,0,16,0,0,3,16,1,1,3,0,0,0,0,0,0,0,0,N/A,N/A,N/A,N/A,N/A,?,0,0,0,N/A,P0,P0,64
2019/11/27,14:49:24,56.9063,1695,100%,4001,99,32,0,49023,0,N/A,?,0,16,0,0,3,16,1,1,3,0,0,0,0,0,0,0,0,N/A,N/A,N/A,N/A,N/A,?,0,0,0,N/A,P0,P0,62
2019/11/27,14:49:25,57.1875,1680,100%,4001,99,33,0,50999,0,N/A,?,0,16,0,0,3,16,1,1,3,0,0,0,0,0,0,0,0,N/A,N/A,N/A,N/A,N/A,?,0,0,0,N/A,P0,P0,63
2019/11/27,14:49:26,57.25,1680,100%,4001,99,33,0,52418,0,N/A,?,0,16,0,0,3,16,1,1,3,0,0,0,0,0,0,0,0,N/A,N/A,N/A,N/A,N/A,?,0,0,0,N/A,P0,P0,62
2019/11/27,14:49:27,57.3125,1725,98%,4001,99,34,0,50021,0,N/A,?,0,16,0,0,3,16,1,1,3,0,0,0,0,0,0,0,0,N/A,N/A,N/A,N/A,N/A,?,0,0,0,N/A,P0,P0,67
2019/11/27,14:49:28,57.1875,1680,101%,4001,99,35,0,50992,0,N/A,?,0,16,0,0,3,16,1,1,3,0,0,0,0,0,0,0,0,N/A,N/A,N/A,N/A,N/A,?,0,0,0,N/A,P0,P0,61
2019/11/27,14:49:29,57.0625,1680,100%,4001,99,35,0,50307,0,N/A,?,0,16,0,0,3,16,1,1,3,0,0,0,0,0,0,0,0,N/A,N/A,N/A,N/A,N/A,?,0,0,0,N/A,P0,P0,61
2019/11/27,14:49:30,57,1695,99%,4001,99,35,0,51904,0,N/A,?,0,16,0,0,3,16,1,1,3,0,0,0,0,0,0,0,0,N/A,N/A,N/A,N/A,N/A,?,0,0,0,N/A,P0,P0,62
2019/11/27,14:49:31,56.6875,1665,100%,4001,99,35,0,45955,0,N/A,?,0,16,0,0,3,16,1,1,3,0,0,0,0,0,0,0,0,N/A,N/A,N/A,N/A,N/A,?,0,0,0,N/A,P0,P0,60
2019/11/27,14:49:32,56.875,1665,100%,4001,99,35,0,49738,0,N/A,?,0,16,0,0,3,16,1,1,3,0,0,0,0,0,0,0,0,N/A,N/A,N/A,N/A,N/A,?,0,0,0,N/A,P0,P0,61
2019/11/27,14:49:33,56.5313,1680,99%,4001,99,35,0,48426,0,N/A,?,0,16,0,0,3,16,1,1,3,0,0,0,0,0,0,0,0,N/A,N/A,N/A,N/A,N/A,?,0,0,0,N/A,P0,P0,61
2019/11/27,14:49:34,56.5938,1665,100%,4001,99,36,0,47256,0,N/A,?,0,16,0,0,3,16,1,1,3,0,0,0,0,0,0,0,0,N/A,N/A,N/A,N/A,N/A,?,0,0,0,N/A,P0,P0,61
2019/11/27,14:49:35,56.6563,1695,98%,4001,99,36,0,53155,0,N/A,?,0,16,0,0,3,16,1,1,3,0,0,0,0,0,0,0,0,N/A,N/A,N/A,N/A,N/A,?,0,0,0,N/A,P0,P0,63
2019/11/27,14:49:36,56.6875,1650,101%,4001,99,36,0,48754,0,N/A,?,0,16,0,0,3,16,1,1,3,0,0,0,0,0,0,0,0,N/A,N/A,N/A,N/A,N/A,?,0,0,0,N/A,P0,P0,61
2019/11/27,14:49:37,56.1875,1680,99%,4001,99,36,0,45675,0,N/A,?,0,16,0,0,3,16,1,1,3,0,0,0,0,0,0,0,0,N/A,N/A,N/A,N/A,N/A,?,0,0,0,N/A,P0,P0,62
2019/11/27,14:49:38,56.1875,1650,100%,4001,99,36,0,52432,0,N/A,?,0,16,0,0,3,16,1,1,3,0,0,0,0,0,0,0,0,N/A,N/A,N/A,N/A,N/A,?,0,0,0,N/A,P0,P0,62
2019/11/27,14:49:39,56.5938,1665,99%,4001,99,36,0,51175,0,N/A,?,0,16,0,0,3,16,1,1,3,0,0,0,0,0,0,0,0,N/A,N/A,N/A,N/A,N/A,?,0,0,0,N/A,P0,P0,61
2019/11/27,14:49:40,56.4063,1680,99%,4001,99,37,0,48931,0,N/A,?,0,16,0,0,3,16,1,1,3,0,0,0,0,0,0,0,0,N/A,N/A,N/A,N/A,N/A,?,0,0,0,N/A,P0,P0,62
2019/11/27,14:49:41,56.4375,1710,97%,4001,99,37,0,52652,0,N/A,?,0,16,0,0,3,16,1,1,3,0,0,0,0,0,0,0,0,N/A,N/A,N/A,N/A,N/A,?,0,0,0,N/A,P0,P0,62
2019/11/27,14:49:42,56.4063,1680,99%,4001,99,37,0,48607,0,N/A,?,0,16,0,0,3,16,1,1,3,0,0,0,0,0,0,0,0,N/A,N/A,N/A,N/A,N/A,?,0,0,0,N/A,P0,P0,62
2019/11/27,14:49:43,56.1563,1680,99%,4001,99,36,0,48057,0,N/A,?,0,16,0,0,3,16,1,1,3,0,0,0,0,0,0,0,0,N/A,N/A,N/A,N/A,N/A,?,0,0,0,N/A,P0,P0,64
2019/11/27,14:49:44,56.0938,1680,100%,4001,99,36,0,49665,0,N/A,?,0,16,0,0,3,16,1,1,3,0,0,0,0,0,0,0,0,N/A,N/A,N/A,N/A,N/A,?,0,0,0,N/A,P0,P0,62
2019/11/27,14:49:45,56.3438,1680,100%,4001,99,35,0,50419,0,N/A,?,0,16,0,0,3,16,1,1,3,0,0,0,0,0,0,0,0,N/A,N/A,N/A,N/A,N/A,?,0,0,0,N/A,P0,P0,64
2019/11/27,14:49:46,56.3438,1695,99%,4001,98,35,0,50206,0,N/A,?,0,16,0,0,3,16,1,1,3,0,0,0,0,0,0,0,0,N/A,N/A,N/A,N/A,N/A,?,0,0,0,N/A,P0,P0,66
2019/11/27,14:49:47,56.2813,1695,99%,4001,98,35,0,48621,0,N/A,?,0,16,0,0,3,16,1,1,3,0,0,0,0,0,0,0,0,N/A,N/A,N/A,N/A,N/A,?,0,0,0,N/A,P0,P0,66
2019/11/27,14:49:48,56.0938,1695,100%,4001,99,34,0,48178,0,N/A,?,0,16,0,0,3,16,1,1,3,0,0,0,0,0,0,0,0,N/A,N/A,N/A,N/A,N/A,?,0,0,0,N/A,P0,P0,68
2019/11/27,14:49:49,56.4063,1695,100%,4001,99,33,0,52063,0,N/A,?,0,16,0,0,3,16,1,1,3,0,0,0,0,0,0,0,0,N/A,N/A,N/A,N/A,N/A,?,0,0,0,N/A,P0,P0,63
2019/11/27,14:49:50,56.3438,1710,99%,4001,99,33,0,51316,0,N/A,?,0,16,0,0,3,16,1,1,3,0,0,0,0,0,0,0,0,N/A,N/A,N/A,N/A,N/A,?,0,0,0,N/A,P0,P0,64
2019/11/27,14:49:51,56,1695,100%,4001,99,33,0,49610,0,N/A,?,0,16,0,0,3,16,1,1,3,0,0,0,0,0,0,0,0,N/A,N/A,N/A,N/A,N/A,?,0,0,0,N/A,P0,P0,65
2019/11/27,14:49:52,56.2188,1710,99%,4001,99,33,0,48263,0,N/A,?,0,16,0,0,3,16,1,1,3,0,0,0,0,0,0,0,0,N/A,N/A,N/A,N/A,N/A,?,0,0,0,N/A,P0,P0,65
2019/11/27,14:49:53,56,1680,101%,4001,99,34,0,48882,0,N/A,?,0,16,0,0,3,16,1,1,3,0,0,0,0,0,0,0,0,N/A,N/A,N/A,N/A,N/A,?,0,0,0,N/A,P0,P0,73
2019/11/27,14:49:54,55.9375,1680,101%,4001,99,35,0,51154,0,N/A,?,0,16,0,0,3,16,1,1,3,0,0,0,0,0,0,0,0,N/A,N/A,N/A,N/A,N/A,?,0,0,0,N/A,P0,P0,62
2019/11/27,14:49:55,55.7813,1695,100%,4001,99,34,0,48708,0,N/A,?,0,16,0,0,3,16,1,1,3,0,0,0,0,0,0,0,0,N/A,N/A,N/A,N/A,N/A,?,0,0,0,N/A,P0,P0,60
2019/11/27,14:49:56,56,1725,98%,4001,98,35,0,49828,0,N/A,?,0,16,0,0,3,16,1,1,3,0,0,0,0,0,0,0,0,N/A,N/A,N/A,N/A,N/A,?,0,0,0,N/A,P0,P0,62
2019/11/27,14:49:57,56,1710,100%,4001,95,34,0,48851,0,N/A,?,0,16,0,0,3,16,1,1,3,0,0,0,0,0,0,0,0,N/A,N/A,N/A,N/A,N/A,?,0,0,0,N/A,P0,P0,62
2019/11/27,14:49:58,55.1563,1770,97%,4001,95,33,0,42156,0,N/A,?,0,16,0,0,3,16,1,1,3,0,0,0,0,0,0,0,0,N/A,N/A,N/A,N/A,N/A,?,0,0,0,N/A,P0,P0,60
2019/11/27,14:49:59,55.75,1695,100%,4001,96,33,0,50833,0,N/A,?,0,16,0,0,3,16,1,1,3,0,0,0,0,0,0,0,0,N/A,N/A,N/A,N/A,N/A,?,0,0,0,N/A,P0,P0,62
2019/11/27,14:50:00,55.3125,1665,100%,4001,99,36,0,47067,0,N/A,?,0,16,0,0,3,16,1,1,3,0,0,0,0,0,0,0,0,N/A,N/A,N/A,N/A,N/A,?,0,0,0,N/A,P0,P0,62
2019/11/27,14:50:01,55.7813,1680,99%,4001,99,38,0,48953,0,N/A,?,0,16,0,0,3,16,1,1,3,0,0,0,0,0,0,0,0,N/A,N/A,N/A,N/A,N/A,?,0,0,0,N/A,P0,P0,61
2019/11/27,14:50:02,55.5313,1665,100%,4001,99,37,0,50883,0,N/A,?,0,16,0,0,3,16,1,1,3,0,0,0,0,0,0,0,0,N/A,N/A,N/A,N/A,N/A,?,0,0,0,N/A,P0,P0,61
2019/11/27,14:50:03,55.625,1680,99%,4001,99,36,0,50801,0,N/A,?,0,16,0,0,3,16,1,1,3,0,0,0,0,0,0,0,0,N/A,N/A,N/A,N/A,N/A,?,0,0,0,N/A,P0,P0,62
2019/11/27,14:50:04,55.6563,1680,99%,4001,99,36,0,52083,0,N/A,?,0,16,0,0,3,16,1,1,3,0,0,0,0,0,0,0,0,N/A,N/A,N/A,N/A,N/A,?,0,0,0,N/A,P0,P0,61
2019/11/27,14:50:05,55.7188,1650,101%,4001,99,35,0,54203,0,N/A,?,0,16,0,0,3,16,1,1,3,0,0,0,0,0,0,0,0,N/A,N/A,N/A,N/A,N/A,?,0,0,0,N/A,P0,P0,61
2019/11/27,14:50:06,55.5,1695,99%,4001,99,34,0,50682,0,N/A,?,0,16,0,0,3,16,1,1,3,0,0,0,0,0,0,0,0,N/A,N/A,N/A,N/A,N/A,?,0,0,0,N/A,P0,P0,59
2019/11/27,14:50:07,55.1875,1695,99%,4001,99,33,0,49254,0,N/A,?,0,16,0,0,3,16,1,1,3,0,0,0,0,0,0,0,0,N/A,N/A,N/A,N/A,N/A,?,0,0,0,N/A,P0,P0,60
2019/11/27,14:50:08,55.1563,1650,101%,4001,99,34,0,52249,0,N/A,?,0,16,0,0,3,16,1,1,3,0,0,0,0,0,0,0,0,N/A,N/A,N/A,N/A,N/A,?,0,0,0,N/A,P0,P0,60
2019/11/27,14:50:09,55.3438,1665,99%,4001,99,35,0,51483,0,N/A,?,0,16,0,0,3,16,1,1,3,0,0,0,0,0,0,0,0,N/A,N/A,N/A,N/A,N/A,?,0,0,0,N/A,P0,P0,63
2019/11/27,14:50:10,55.375,1665,100%,4001,99,36,0,49967,0,N/A,?,0,16,0,0,3,16,1,1,3,0,0,0,0,0,0,0,0,N/A,N/A,N/A,N/A,N/A,?,0,0,0,N/A,P0,P0,62
2019/11/27,14:50:11,54.9063,1725,96%,4001,99,37,0,50366,0,N/A,?,0,16,0,0,3,16,1,1,3,0,0,0,0,0,0,0,0,N/A,N/A,N/A,N/A,N/A,?,0,0,0,N/A,P0,P0,62
2019/11/27,14:50:12,55.3438,1725,98%,4001,98,31,0,46105,0,N/A,?,0,16,0,0,3,16,1,1,3,0,0,0,0,0,0,0,0,N/A,N/A,N/A,N/A,N/A,?,0,0,0,N/A,P0,P0,63
2019/11/27,14:50:13,55,1695,101%,4001,99,29,0,45840,0,N/A,?,0,16,0,0,3,16,1,1,3,0,0,0,0,0,0,0,0,N/A,N/A,N/A,N/A,N/A,?,0,0,0,N/A,P0,P0,63
2019/11/27,14:50:14,55.2813,1725,99%,4001,99,29,0,49799,0,N/A,?,0,16,0,0,3,16,1,1,3,0,0,0,0,0,0,0,0,N/A,N/A,N/A,N/A,N/A,?,0,0,0,N/A,P0,P0,66
2019/11/27,14:50:15,55.4375,1695,101%,4001,99,29,0,52259,0,N/A,?,0,16,0,0,3,16,1,1,3,0,0,0,0,0,0,0,0,N/A,N/A,N/A,N/A,N/A,?,0,0,0,N/A,P0,P0,62
2019/11/27,14:50:16,55.4063,1695,100%,4001,99,30,0,51949,0,N/A,?,0,16,0,0,3,16,1,1,3,0,0,0,0,0,0,0,0,N/A,N/A,N/A,N/A,N/A,?,0,0,0,N/A,P0,P0,63
2019/11/27,14:50:17,55.4063,1710,99%,4001,99,32,0,48208,0,N/A,?,0,16,0,0,3,16,1,1,3,0,0,0,0,0,0,0,0,N/A,N/A,N/A,N/A,N/A,?,0,0,0,N/A,P0,P0,63
2019/11/27,14:50:18,55.375,1710,99%,4001,99,34,0,52033,0,N/A,?,0,16,0,0,3,16,1,1,3,0,0,0,0,0,0,0,0,N/A,N/A,N/A,N/A,N/A,?,0,0,0,N/A,P0,P0,64
2019/11/27,14:50:19,54.9375,1665,102%,4001,99,34,0,51752,0,N/A,?,0,16,0,0,3,16,1,1,3,0,0,0,0,0,0,0,0,N/A,N/A,N/A,N/A,N/A,?,0,0,0,N/A,P0,P0,72
2019/11/27,14:50:20,55.1563,1695,99%,4001,99,34,0,51331,0,N/A,?,0,16,0,0,3,16,1,1,3,0,0,0,0,0,0,0,0,N/A,N/A,N/A,N/A,N/A,?,0,0,0,N/A,P0,P0,64
2019/11/27,14:50:21,55.3438,1680,100%,4001,99,34,0,49546,0,N/A,?,0,16,0,0,3,16,1,1,3,0,0,0,0,0,0,0,0,N/A,N/A,N/A,N/A,N/A,?,0,0,0,N/A,P0,P0,62
2019/11/27,14:50:22,55.4375,1710,99%,4001,99,34,0,48873,0,N/A,?,0,16,0,0,3,16,1,1,3,0,0,0,0,0,0,0,0,N/A,N/A,N/A,N/A,N/A,?,0,0,0,N/A,P0,P0,62
2019/11/27,14:50:23,55.0625,1680,100%,4001,99,33,0,51475,0,N/A,?,0,16,0,0,3,16,1,1,3,0,0,0,0,0,0,0,0,N/A,N/A,N/A,N/A,N/A,?,0,0,0,N/A,P0,P0,59
2019/11/27,14:50:24,55.125,1695,99%,4001,99,32,0,52841,0,N/A,?,0,16,0,0,3,16,1,1,3,0,0,0,0,0,0,0,0,N/A,N/A,N/A,N/A,N/A,?,0,0,0,N/A,P0,P0,61
2019/11/27,14:50:25,54.75,1665,100%,4001,99,32,0,49367,0,N/A,?,0,16,0,0,3,16,1,1,3,0,0,0,0,0,0,0,0,N/A,N/A,N/A,N/A,N/A,?,0,0,0,N/A,P0,P0,60
2019/11/27,14:50:26,55.0938,1680,99%,4001,99,30,0,50749,0,N/A,?,0,16,0,0,3,16,1,1,3,0,0,0,0,0,0,0,0,N/A,N/A,N/A,N/A,N/A,?,0,0,0,N/A,P0,P0,60
2019/11/27,14:50:27,55.0625,1680,98%,4001,99,27,0,48958,0,N/A,?,0,16,0,0,3,16,1,1,3,0,0,0,0,0,0,0,0,N/A,N/A,N/A,N/A,N/A,?,0,0,0,N/A,P0,P0,58
2019/11/27,14:50:28,54.8125,1740,97%,4001,99,29,0,48464,0,N/A,?,0,16,0,0,3,16,1,1,3,0,0,0,0,0,0,0,0,N/A,N/A,N/A,N/A,N/A,?,0,0,0,N/A,P0,P0,59
2019/11/27,14:50:29,55.2813,1755,98%,4001,99,29,0,49192,0,N/A,?,0,16,0,0,3,16,1,1,3,0,0,0,0,0,0,0,0,N/A,N/A,N/A,N/A,N/A,?,0,0,0,N/A,P0,P0,61
2019/11/27,14:50:30,54.875,1755,100%,4001,98,28,0,49099,0,N/A,?,0,16,0,0,3,16,1,1,3,0,0,0,0,0,0,0,0,N/A,N/A,N/A,N/A,N/A,?,0,0,0,N/A,P0,P0,59
2019/11/27,14:50:31,51.3438,1890,94%,4001,98,27,0,19095,0,N/A,?,0,16,0,0,3,16,1,1,3,0,0,0,0,0,0,0,0,N/A,N/A,N/A,N/A,N/A,?,0,0,0,N/A,P0,P0,79
2019/11/27,14:50:32,50.375,1890,99%,4001,5,2,0,18693,0,N/A,?,0,16,0,0,3,16,1,1,3,0,0,0,0,0,0,0,0,N/A,N/A,N/A,N/A,N/A,?,0,0,0,N/A,P0,P0,72
2019/11/27,14:50:33,48.9688,570,311%,3500,2,1,3,11550,0,N/A,?,0,16,0,0,3,16,1,1,3,0,0,0,0,0,0,0,0,N/A,N/A,N/A,N/A,N/A,?,0,0,0,N/A,P0,P0,80
2019/11/27,14:50:34,48.2188,360,155%,810,1,1,5,7640,0,N/A,?,0,16,1,1,2,16,1,1,2,0,0,0,0,0,0,0,0,N/A,N/A,N/A,N/A,N/A,?,0,0,0,N/A,P0,P0,80
2019/11/27,14:50:35,47.6563,345,107%,810,2,2,5,7455,0,N/A,?,0,16,1,1,2,16,1,1,2,0,0,0,0,0,0,0,0,N/A,N/A,N/A,N/A,N/A,?,0,0,0,N/A,P0,P0,87
2019/11/27,14:50:36,47.375,300,115%,405,0,2,8,4069,0,N/A,?,0,16,1,1,1,16,1,1,1,0,0,0,0,0,0,0,0,N/A,N/A,N/A,N/A,N/A,?,0,0,0,N/A,P0,P0,81
2019/11/27,14:50:37,47.0313,300,70%,405,0,2,8,4038,0,N/A,?,0,16,1,1,1,16,1,1,1,0,0,0,0,0,0,0,0,N/A,N/A,N/A,N/A,N/A,?,0,0,0,N/A,P0,P0,80
2019/11/27,14:50:38,46.8125,300,50%,405,0,2,8,7239,0,N/A,?,0,16,1,1,1,16,1,1,1,0,0,0,0,0,0,0,0,N/A,N/A,N/A,N/A,N/A,?,0,0,0,N/A,P0,P0,85
2019/11/27,14:50:39,52.1875,1740,49%,4001,75,41,0,50315,0,N/A,?,0,16,0,0,3,16,1,1,3,0,0,0,0,0,0,0,0,N/A,N/A,N/A,N/A,N/A,?,0,0,0,N/A,P0,P0,65
2019/11/27,14:50:40,52.25,1740,103%,4001,61,31,0,50787,0,N/A,?,0,16,0,0,3,16,1,1,3,0,0,0,0,0,0,0,0,N/A,N/A,N/A,N/A,N/A,?,0,0,0,N/A,P0,P0,64
2019/11/27,14:50:41,52.5625,1755,99%,4001,97,44,0,48117,0,N/A,?,0,16,0,0,3,16,1,1,3,0,0,0,0,0,0,0,0,N/A,N/A,N/A,N/A,N/A,?,0,0,0,N/A,P0,P0,62
2019/11/27,14:50:42,53.0313,1755,99%,4001,97,45,0,51877,0,N/A,?,0,16,0,0,3,16,1,1,3,0,0,0,0,0,0,0,0,N/A,N/A,N/A,N/A,N/A,?,0,0,0,N/A,P0,P0,66
2019/11/27,14:50:43,53.0938,1770,98%,4001,97,48,0,53428,0,N/A,?,0,16,0,0,3,16,1,1,3,0,0,0,0,0,0,0,0,N/A,N/A,N/A,N/A,N/A,?,0,0,0,N/A,P0,P0,64
2019/11/27,14:50:44,53.25,1770,98%,4001,98,48,0,48444,0,N/A,?,0,16,0,0,3,16,1,1,3,0,0,0,0,0,0,0,0,N/A,N/A,N/A,N/A,N/A,?,0,0,0,N/A,P0,P0,62
2019/11/27,14:50:45,53.5,1740,100%,4001,98,47,0,48031,0,N/A,?,0,16,0,0,3,16,1,1,3,0,0,0,0,0,0,0,0,N/A,N/A,N/A,N/A,N/A,?,0,0,0,N/A,P0,P0,61
2019/11/27,14:50:46,53.5,1740,100%,4001,98,49,0,46958,0,N/A,?,0,16,0,0,3,16,1,1,3,0,0,0,0,0,0,0,0,N/A,N/A,N/A,N/A,N/A,?,0,0,0,N/A,P0,P0,62
2019/11/27,14:50:47,53.5625,1725,100%,4001,97,50,0,51051,0,N/A,?,0,16,0,0,3,16,1,1,3,0,0,0,0,0,0,0,0,N/A,N/A,N/A,N/A,N/A,?,0,0,0,N/A,P0,P0,63
2019/11/27,14:50:48,53.6875,1725,100%,4001,98,51,0,50486,0,N/A,?,0,16,0,0,3,16,1,1,3,0,0,0,0,0,0,0,0,N/A,N/A,N/A,N/A,N/A,?,0,0,0,N/A,P0,P0,63
2019/11/27,14:50:49,53.5938,1725,99%,4001,98,52,0,48381,0,N/A,?,0,16,0,0,3,16,1,1,3,0,0,0,0,0,0,0,0,N/A,N/A,N/A,N/A,N/A,?,0,0,0,N/A,P0,P0,64
2019/11/27,14:50:50,53.8438,1710,100%,4001,98,52,0,49878,0,N/A,?,0,16,0,0,3,16,1,1,3,0,0,0,0,0,0,0,0,N/A,N/A,N/A,N/A,N/A,?,0,0,0,N/A,P0,P0,67
2019/11/27,14:50:51,53.625,1710,99%,4001,98,52,0,48903,0,N/A,?,0,16,0,0,3,16,1,1,3,0,0,0,0,0,0,0,0,N/A,N/A,N/A,N/A,N/A,?,0,0,0,N/A,P0,P0,64
2019/11/27,14:50:52,53.9063,1725,99%,4001,98,52,0,49334,0,N/A,?,0,16,0,0,3,16,1,1,3,0,0,0,0,0,0,0,0,N/A,N/A,N/A,N/A,N/A,?,0,0,0,N/A,P0,P0,67
2019/11/27,14:50:53,54.1875,1695,100%,4001,98,52,0,50629,0,N/A,?,0,16,0,0,3,16,1,1,3,0,0,0,0,0,0,0,0,N/A,N/A,N/A,N/A,N/A,?,0,0,0,N/A,P0,P0,66
2019/11/27,14:50:54,53.9375,1710,100%,4001,98,51,0,49497,0,N/A,?,0,16,0,0,3,16,1,1,3,0,0,0,0,0,0,0,0,N/A,N/A,N/A,N/A,N/A,?,0,0,0,N/A,P0,P0,69
2019/11/27,14:50:55,54.125,1710,100%,4001,98,53,0,49241,0,N/A,?,0,16,0,0,3,16,1,1,3,0,0,0,0,0,0,0,0,N/A,N/A,N/A,N/A,N/A,?,0,0,0,N/A,P0,P0,68
2019/11/27,14:50:56,54.3438,1725,99%,4001,98,53,0,50332,0,N/A,?,0,16,0,0,3,16,1,1,3,0,0,0,0,0,0,0,0,N/A,N/A,N/A,N/A,N/A,?,0,0,0,N/A,P0,P0,67
2019/11/27,14:50:57,54.375,1725,99%,4001,98,52,0,50691,0,N/A,?,0,16,0,0,3,16,1,1,3,0,0,0,0,0,0,0,0,N/A,N/A,N/A,N/A,N/A,?,0,0,0,N/A,P0,P0,73
2019/11/27,14:50:58,54.4063,1710,100%,4001,98,52,0,50723,0,N/A,?,0,16,0,0,3,16,1,1,3,0,0,0,0,0,0,0,0,N/A,N/A,N/A,N/A,N/A,?,0,0,0,N/A,P0,P0,68
2019/11/27,14:50:59,54.125,1695,101%,4001,98,52,0,48719,0,N/A,?,0,16,0,0,3,16,1,1,3,0,0,0,0,0,0,0,0,N/A,N/A,N/A,N/A,N/A,?,0,0,0,N/A,P0,P0,77
2019/11/27,14:51:00,54.5625,1710,100%,4001,98,52,0,50952,0,N/A,?,0,16,0,0,3,16,1,1,3,0,0,0,0,0,0,0,0,N/A,N/A,N/A,N/A,N/A,?,0,0,0,N/A,P0,P0,67
2019/11/27,14:51:01,54.5625,1725,99%,4001,98,52,0,49482,0,N/A,?,0,16,0,0,3,16,1,1,3,0,0,0,0,0,0,0,0,N/A,N/A,N/A,N/A,N/A,?,0,0,0,N/A,P0,P0,68
2019/11/27,14:51:02,54.3125,1725,99%,4001,98,52,0,49752,0,N/A,?,0,16,0,0,3,16,1,1,3,0,0,0,0,0,0,0,0,N/A,N/A,N/A,N/A,N/A,?,0,0,0,N/A,P0,P0,66
2019/11/27,14:51:03,54.8125,1710,100%,4001,98,51,0,49426,0,N/A,?,0,16,0,0,3,16,1,1,3,0,0,0,0,0,0,0,0,N/A,N/A,N/A,N/A,N/A,?,0,0,0,N/A,P0,P0,66
2019/11/27,14:51:04,54.75,1725,99%,4001,98,52,0,48621,0,N/A,?,0,16,0,0,3,16,1,1,3,0,0,0,0,0,0,0,0,N/A,N/A,N/A,N/A,N/A,?,0,0,0,N/A,P0,P0,68
2019/11/27,14:51:05,54.6875,1725,99%,4001,98,52,0,50111,0,N/A,?,0,16,0,0,3,16,1,1,3,0,0,0,0,0,0,0,0,N/A,N/A,N/A,N/A,N/A,?,0,0,0,N/A,P0,P0,67
2019/11/27,14:51:06,55.1563,1725,99%,4001,98,51,0,49838,0,N/A,?,0,16,0,0,3,16,1,1,3,0,0,0,0,0,0,0,0,N/A,N/A,N/A,N/A,N/A,?,0,0,0,N/A,P0,P0,71
2019/11/27,14:51:07,55,1725,99%,4001,98,52,0,49558,0,N/A,?,0,16,0,0,3,16,1,1,3,0,0,0,0,0,0,0,0,N/A,N/A,N/A,N/A,N/A,?,0,0,0,N/A,P0,P0,69
2019/11/27,14:51:08,55.0625,1710,100%,4001,98,52,0,48976,0,N/A,?,0,16,0,0,3,16,1,1,3,0,0,0,0,0,0,0,0,N/A,N/A,N/A,N/A,N/A,?,0,0,0,N/A,P0,P0,68
2019/11/27,14:51:09,55.2188,1710,99%,4001,98,53,0,49996,0,N/A,?,0,16,0,0,3,16,1,1,3,0,0,0,0,0,0,0,0,N/A,N/A,N/A,N/A,N/A,?,0,0,0,N/A,P0,P0,68
2019/11/27,14:51:10,55.1563,1725,99%,4001,98,53,0,49096,0,N/A,?,0,16,0,0,3,16,1,1,3,0,0,0,0,0,0,0,0,N/A,N/A,N/A,N/A,N/A,?,0,0,0,N/A,P0,P0,67
2019/11/27,14:51:11,55.2188,1710,99%,4001,98,53,0,50991,0,N/A,?,0,16,0,0,3,16,1,1,3,0,0,0,0,0,0,0,0,N/A,N/A,N/A,N/A,N/A,?,0,0,0,N/A,P0,P0,67
2019/11/27,14:51:12,55.3438,1740,98%,4001,98,52,0,49033,0,N/A,?,0,16,0,0,3,16,1,1,3,0,0,0,0,0,0,0,0,N/A,N/A,N/A,N/A,N/A,?,0,0,0,N/A,P0,P0,67
2019/11/27,14:51:13,55.5,1710,100%,4001,98,53,0,48179,0,N/A,?,0,16,0,0,3,16,1,1,3,0,0,0,0,0,0,0,0,N/A,N/A,N/A,N/A,N/A,?,0,0,0,N/A,P0,P0,70
2019/11/27,14:51:14,55.4375,1710,100%,4001,98,53,0,49705,0,N/A,?,0,16,0,0,3,16,1,1,3,0,0,0,0,0,0,0,0,N/A,N/A,N/A,N/A,N/A,?,0,0,0,N/A,P0,P0,69
2019/11/27,14:51:15,55.625,1725,99%,4001,98,53,0,50011,0,N/A,?,0,16,0,0,3,16,1,1,3,0,0,0,0,0,0,0,0,N/A,N/A,N/A,N/A,N/A,?,0,0,0,N/A,P0,P0,67
2019/11/27,14:51:16,55.5,1740,99%,4001,98,52,0,48472,0,N/A,?,0,16,0,0,3,16,1,1,3,0,0,0,0,0,0,0,0,N/A,N/A,N/A,N/A,N/A,?,0,0,0,N/A,P0,P0,65
2019/11/27,14:51:17,55.6875,1725,99%,4001,98,51,0,49593,0,N/A,?,0,16,0,0,3,16,1,1,3,0,0,0,0,0,0,0,0,N/A,N/A,N/A,N/A,N/A,?,0,0,0,N/A,P0,P0,68
2019/11/27,14:51:18,55.625,1725,99%,4001,98,50,0,48500,0,N/A,?,0,16,0,0,3,16,1,1,3,0,0,0,0,0,0,0,0,N/A,N/A,N/A,N/A,N/A,?,0,0,0,N/A,P0,P0,66
2019/11/27,14:51:19,55.9063,1725,99%,4001,98,50,0,50355,0,N/A,?,0,16,0,0,3,16,1,1,3,0,0,0,0,0,0,0,0,N/A,N/A,N/A,N/A,N/A,?,0,0,0,N/A,P0,P0,67
2019/11/27,14:51:20,55.75,1740,99%,4001,98,50,0,48051,0,N/A,?,0,16,0,0,3,16,1,1,3,0,0,0,0,0,0,0,0,N/A,N/A,N/A,N/A,N/A,?,0,0,0,N/A,P0,P0,68
2019/11/27,14:51:21,55.8125,1710,100%,4001,98,49,0,47442,0,N/A,?,0,16,0,0,3,16,1,1,3,0,0,0,0,0,0,0,0,N/A,N/A,N/A,N/A,N/A,?,0,0,0,N/A,P0,P0,67
2019/11/27,14:51:22,56.0625,1710,100%,4001,97,48,0,49016,0,N/A,?,0,16,0,0,3,16,1,1,3,0,0,0,0,0,0,0,0,N/A,N/A,N/A,N/A,N/A,?,0,0,0,N/A,P0,P0,67
2019/11/27,14:51:23,56.1563,1725,99%,4001,97,48,0,49661,0,N/A,?,0,16,0,0,3,16,1,1,3,0,0,0,0,0,0,0,0,N/A,N/A,N/A,N/A,N/A,?,0,0,0,N/A,P0,P0,69
2019/11/27,14:51:24,56.2188,1725,99%,4001,97,48,0,49569,0,N/A,?,0,16,0,0,3,16,1,1,3,0,0,0,0,0,0,0,0,N/A,N/A,N/A,N/A,N/A,?,0,0,0,N/A,P0,P0,67
2019/11/27,14:51:25,56.2188,1710,100%,4001,98,48,0,47899,0,N/A,?,0,16,0,0,3,16,1,1,3,0,0,0,0,0,0,0,0,N/A,N/A,N/A,N/A,N/A,?,0,0,0,N/A,P0,P0,71
2019/11/27,14:51:26,56.3125,1725,99%,4001,98,49,0,51617,0,N/A,?,0,16,0,0,3,16,1,1,3,0,0,0,0,0,0,0,0,N/A,N/A,N/A,N/A,N/A,?,0,0,0,N/A,P0,P0,70
2019/11/27,14:51:28,56.1563,1725,99%,4001,98,49,0,49579,0,N/A,?,0,16,0,0,3,16,1,1,3,0,0,0,0,0,0,0,0,N/A,N/A,N/A,N/A,N/A,?,0,0,0,N/A,P0,P0,67
2019/11/27,14:51:29,56.2813,1725,99%,4001,97,49,0,50497,0,N/A,?,0,16,0,0,3,16,1,1,3,0,0,0,0,0,0,0,0,N/A,N/A,N/A,N/A,N/A,?,0,0,0,N/A,P0,P0,67
2019/11/27,14:51:30,56.5,1725,99%,4001,97,50,0,51468,0,N/A,?,0,16,0,0,3,16,1,1,3,0,0,0,0,0,0,0,0,N/A,N/A,N/A,N/A,N/A,?,0,0,0,N/A,P0,P0,67
2019/11/27,14:51:31,56.3438,1710,100%,4001,97,51,0,51090,0,N/A,?,0,16,0,0,3,16,1,1,3,0,0,0,0,0,0,0,0,N/A,N/A,N/A,N/A,N/A,?,0,0,0,N/A,P0,P0,80
2019/11/27,14:51:32,56.625,1695,100%,4001,98,51,0,51675,0,N/A,?,0,16,0,0,3,16,1,1,3,0,0,0,0,0,0,0,0,N/A,N/A,N/A,N/A,N/A,?,0,0,0,N/A,P0,P0,68
2019/11/27,14:51:33,56.5,1710,100%,4001,98,51,0,50867,0,N/A,?,0,16,0,0,3,16,1,1,3,0,0,0,0,0,0,0,0,N/A,N/A,N/A,N/A,N/A,?,0,0,0,N/A,P0,P0,68
2019/11/27,14:51:34,56.5938,1725,99%,4001,97,51,0,48634,0,N/A,?,0,16,0,0,3,16,1,1,3,0,0,0,0,0,0,0,0,N/A,N/A,N/A,N/A,N/A,?,0,0,0,N/A,P0,P0,69
2019/11/27,14:51:35,56.5938,1725,99%,4001,97,51,0,49426,0,N/A,?,0,16,0,0,3,16,1,1,3,0,0,0,0,0,0,0,0,N/A,N/A,N/A,N/A,N/A,?,0,0,0,N/A,P0,P0,66
2019/11/27,14:51:36,56.625,1740,98%,4001,98,52,0,48454,0,N/A,?,0,16,0,0,3,16,1,1,3,0,0,0,0,0,0,0,0,N/A,N/A,N/A,N/A,N/A,?,0,0,0,N/A,P0,P0,67
2019/11/27,14:51:37,56.7188,1740,98%,4001,98,51,0,48954,0,N/A,?,0,16,0,0,3,16,1,1,3,0,0,0,0,0,0,0,0,N/A,N/A,N/A,N/A,N/A,?,0,0,0,N/A,P0,P0,70
2019/11/27,14:51:38,56.5625,1725,100%,4001,97,50,0,51089,0,N/A,?,0,16,0,0,3,16,1,1,3,0,0,0,0,0,0,0,0,N/A,N/A,N/A,N/A,N/A,?,0,0,0,N/A,P0,P0,68
2019/11/27,14:51:39,56.6875,1740,99%,4001,97,49,0,48960,0,N/A,?,0,16,0,0,3,16,1,1,3,0,0,0,0,0,0,0,0,N/A,N/A,N/A,N/A,N/A,?,0,0,0,N/A,P0,P0,68
2019/11/27,14:51:40,56.625,1740,99%,4001,97,49,0,48905,0,N/A,?,0,16,0,0,3,16,1,1,3,0,0,0,0,0,0,0,0,N/A,N/A,N/A,N/A,N/A,?,0,0,0,N/A,P0,P0,67
2019/11/27,14:51:41,56.9375,1725,100%,4001,97,50,0,50334,0,N/A,?,0,16,0,0,3,16,1,1,3,0,0,0,0,0,0,0,0,N/A,N/A,N/A,N/A,N/A,?,0,0,0,N/A,P0,P0,69
2019/11/27,14:51:42,56.875,1740,99%,4001,97,50,0,48001,0,N/A,?,0,16,0,0,3,16,1,1,3,0,0,0,0,0,0,0,0,N/A,N/A,N/A,N/A,N/A,?,0,0,0,N/A,P0,P0,71
2019/11/27,14:51:43,56.9688,1725,100%,4001,96,51,0,52083,0,N/A,?,0,16,0,0,3,16,1,1,3,0,0,0,0,0,0,0,0,N/A,N/A,N/A,N/A,N/A,?,0,0,0,N/A,P0,P0,69
2019/11/27,14:51:44,57.1875,1725,100%,4001,97,51,0,50722,0,N/A,?,0,16,0,0,3,16,1,1,3,0,0,0,0,0,0,0,0,N/A,N/A,N/A,N/A,N/A,?,0,0,0,N/A,P0,P0,70
2019/11/27,14:51:45,56.8438,1740,99%,4001,97,50,0,48507,0,N/A,?,0,16,0,0,3,16,1,1,3,0,0,0,0,0,0,0,0,N/A,N/A,N/A,N/A,N/A,?,0,0,0,N/A,P0,P0,69
2019/11/27,14:51:46,57.1875,1725,100%,4001,97,51,0,49010,0,N/A,?,0,16,0,0,3,16,1,1,3,0,0,0,0,0,0,0,0,N/A,N/A,N/A,N/A,N/A,?,0,0,0,N/A,P0,P0,70
2019/11/27,14:51:47,57.1875,1740,99%,4001,97,51,0,49765,0,N/A,?,0,16,0,0,3,16,1,1,3,0,0,0,0,0,0,0,0,N/A,N/A,N/A,N/A,N/A,?,0,0,0,N/A,P0,P0,70
2019/11/27,14:51:48,57.1875,1725,100%,4001,97,50,0,48772,0,N/A,?,0,16,0,0,3,16,1,1,3,0,0,0,0,0,0,0,0,N/A,N/A,N/A,N/A,N/A,?,0,0,0,N/A,P0,P0,70
2019/11/27,14:51:49,57.375,1740,99%,4001,97,50,0,50355,0,N/A,?,0,16,0,0,3,16,1,1,3,0,0,0,0,0,0,0,0,N/A,N/A,N/A,N/A,N/A,?,0,0,0,N/A,P0,P0,70
2019/11/27,14:51:50,57.4375,1710,100%,4001,97,53,0,50006,0,N/A,?,0,16,0,0,3,16,1,1,3,0,0,0,0,0,0,0,0,N/A,N/A,N/A,N/A,N/A,?,0,0,0,N/A,P0,P0,71
2019/11/27,14:51:51,57.3125,1740,98%,4001,97,56,0,48184,0,N/A,?,0,16,0,0,3,16,1,1,3,0,0,0,0,0,0,0,0,N/A,N/A,N/A,N/A,N/A,?,0,0,0,N/A,P0,P0,69
2019/11/27,14:51:52,57.5,1740,98%,4001,98,56,0,48583,0,N/A,?,0,16,0,0,3,16,1,1,3,0,0,0,0,0,0,0,0,N/A,N/A,N/A,N/A,N/A,?,0,0,0,N/A,P0,P0,71
2019/11/27,14:51:53,57.3438,1725,99%,4001,97,56,0,50212,0,N/A,?,0,16,0,0,3,16,1,1,3,0,0,0,0,0,0,0,0,N/A,N/A,N/A,N/A,N/A,?,0,0,0,N/A,P0,P0,70
2019/11/27,14:51:54,57.375,1710,100%,4001,97,56,0,49847,0,N/A,?,0,16,0,0,3,16,1,1,3,0,0,0,0,0,0,0,0,N/A,N/A,N/A,N/A,N/A,?,0,0,0,N/A,P0,P0,68
2019/11/27,14:51:55,57.75,1710,100%,4001,97,56,0,52098,0,N/A,?,0,16,0,0,3,16,1,1,3,0,0,0,0,0,0,0,0,N/A,N/A,N/A,N/A,N/A,?,0,0,0,N/A,P0,P0,73
2019/11/27,14:51:56,57.7188,1710,100%,4001,97,56,0,49651,0,N/A,?,0,16,0,0,3,16,1,1,3,0,0,0,0,0,0,0,0,N/A,N/A,N/A,N/A,N/A,?,0,0,0,N/A,P0,P0,71
2019/11/27,14:51:57,57.5938,1740,98%,4001,98,53,0,50554,0,N/A,?,0,16,0,0,3,16,1,1,3,0,0,0,0,0,0,0,0,N/A,N/A,N/A,N/A,N/A,?,0,0,0,N/A,P0,P0,70
2019/11/27,14:51:58,57.875,1725,100%,4001,98,50,0,48660,0,N/A,?,0,16,0,0,3,16,1,1,3,0,0,0,0,0,0,0,0,N/A,N/A,N/A,N/A,N/A,?,0,0,0,N/A,P0,P0,70
2019/11/27,14:51:59,57.8125,1740,99%,4001,98,50,0,50859,0,N/A,?,0,16,0,0,3,16,1,1,3,0,0,0,0,0,0,0,0,N/A,N/A,N/A,N/A,N/A,?,0,0,0,N/A,P0,P0,71
2019/11/27,14:52:00,57.8125,1740,99%,4001,98,49,0,51070,0,N/A,?,0,16,0,0,3,16,1,1,3,0,0,0,0,0,0,0,0,N/A,N/A,N/A,N/A,N/A,?,0,0,0,N/A,P0,P0,70
2019/11/27,14:52:01,57.875,1740,99%,4001,97,49,0,49912,0,N/A,?,0,16,0,0,3,16,1,1,3,0,0,0,0,0,0,0,0,N/A,N/A,N/A,N/A,N/A,?,0,0,0,N/A,P0,P0,69
2019/11/27,14:52:02,57.9063,1740,99%,4001,97,49,0,48655,0,N/A,?,0,16,0,0,3,16,1,1,3,0,0,0,0,0,0,0,0,N/A,N/A,N/A,N/A,N/A,?,0,0,0,N/A,P0,P0,74
2019/11/27,14:52:03,57.75,1740,99%,4001,98,49,0,47785,0,N/A,?,0,16,0,0,3,16,1,1,3,0,0,0,0,0,0,0,0,N/A,N/A,N/A,N/A,N/A,?,0,0,0,N/A,P0,P0,69
2019/11/27,14:52:04,57.625,1725,100%,4001,98,49,0,50128,0,N/A,?,0,16,0,0,3,16,1,1,3,0,0,0,0,0,0,0,0,N/A,N/A,N/A,N/A,N/A,?,0,0,0,N/A,P0,P0,68
2019/11/27,14:52:05,57.8438,1695,102%,4001,97,50,0,51403,0,N/A,?,0,16,0,0,3,16,1,1,3,0,0,0,0,0,0,0,0,N/A,N/A,N/A,N/A,N/A,?,0,0,0,N/A,P0,P0,69
2019/11/27,14:52:06,58.1875,1740,99%,4001,97,50,0,52071,0,N/A,?,0,16,0,0,3,16,1,1,3,0,0,0,0,0,0,0,0,N/A,N/A,N/A,N/A,N/A,?,0,0,0,N/A,P0,P0,70
2019/11/27,14:52:07,57.9375,1710,100%,4001,98,51,0,49904,0,N/A,?,0,16,0,0,3,16,1,1,3,0,0,0,0,0,0,0,0,N/A,N/A,N/A,N/A,N/A,?,0,0,0,N/A,P0,P0,80
2019/11/27,14:52:08,58.0625,1740,98%,4001,98,51,0,52878,0,N/A,?,0,16,0,0,3,16,1,1,3,0,0,0,0,0,0,0,0,N/A,N/A,N/A,N/A,N/A,?,0,0,0,N/A,P0,P0,71
2019/11/27,14:52:09,58.0938,1695,101%,4001,98,52,0,49320,0,N/A,?,0,16,0,0,3,16,1,1,3,0,0,0,0,0,0,0,0,N/A,N/A,N/A,N/A,N/A,?,0,0,0,N/A,P0,P0,69
2019/11/27,14:52:10,58.0313,1725,99%,4001,97,52,0,51206,0,N/A,?,0,16,0,0,3,16,1,1,3,0,0,0,0,0,0,0,0,N/A,N/A,N/A,N/A,N/A,?,0,0,0,N/A,P0,P0,70
2019/11/27,14:52:11,58.0625,1695,101%,4001,97,52,0,49178,0,N/A,?,0,16,0,0,3,16,1,1,3,0,0,0,0,0,0,0,0,N/A,N/A,N/A,N/A,N/A,?,0,0,0,N/A,P0,P0,71
2019/11/27,14:52:12,58,1710,100%,4001,97,52,0,48754,0,N/A,?,0,16,0,0,3,16,1,1,3,0,0,0,0,0,0,0,0,N/A,N/A,N/A,N/A,N/A,?,0,0,0,N/A,P0,P0,70
2019/11/27,14:52:13,58.2188,1740,98%,4001,98,53,0,48960,0,N/A,?,0,16,0,0,3,16,1,1,3,0,0,0,0,0,0,0,0,N/A,N/A,N/A,N/A,N/A,?,0,0,0,N/A,P0,P0,71
2019/11/27,14:52:14,58.125,1740,98%,4001,97,52,0,49225,0,N/A,?,0,16,0,0,3,16,1,1,3,0,0,0,0,0,0,0,0,N/A,N/A,N/A,N/A,N/A,?,0,0,0,N/A,P0,P0,71
2019/11/27,14:52:15,58.25,1725,99%,4001,97,52,0,50171,0,N/A,?,0,16,0,0,3,16,1,1,3,0,0,0,0,0,0,0,0,N/A,N/A,N/A,N/A,N/A,?,0,0,0,N/A,P0,P0,72
2019/11/27,14:52:16,58.3438,1725,99%,4001,98,52,0,51756,0,N/A,?,0,16,0,0,3,16,1,1,3,0,0,0,0,0,0,0,0,N/A,N/A,N/A,N/A,N/A,?,0,0,0,N/A,P0,P0,75
2019/11/27,14:52:17,58.0313,1740,99%,4001,97,51,0,48231,0,N/A,?,0,16,0,0,3,16,1,1,3,0,0,0,0,0,0,0,0,N/A,N/A,N/A,N/A,N/A,?,0,0,0,N/A,P0,P0,68
2019/11/27,14:52:18,58.1875,1695,101%,4001,98,49,0,51806,0,N/A,?,0,16,0,0,3,16,1,1,3,0,0,0,0,0,0,0,0,N/A,N/A,N/A,N/A,N/A,?,0,0,0,N/A,P0,P0,69
2019/11/27,14:52:19,58.1875,1725,99%,4001,97,48,0,50016,0,N/A,?,0,16,0,0,3,16,1,1,3,0,0,0,0,0,0,0,0,N/A,N/A,N/A,N/A,N/A,?,0,0,0,N/A,P0,P0,67
2019/11/27,14:52:20,58.125,1725,99%,4001,97,47,0,49166,0,N/A,?,0,16,0,0,3,16,1,1,3,0,0,0,0,0,0,0,0,N/A,N/A,N/A,N/A,N/A,?,0,0,0,N/A,P0,P0,68
2019/11/27,14:52:21,58.0938,1725,99%,4001,98,47,0,48610,0,N/A,?,0,16,0,0,3,16,1,1,3,0,0,0,0,0,0,0,0,N/A,N/A,N/A,N/A,N/A,?,0,0,0,N/A,P0,P0,67
2019/11/27,14:52:22,58.0625,1725,99%,4001,97,48,0,49357,0,N/A,?,0,16,0,0,3,16,1,1,3,0,0,0,0,0,0,0,0,N/A,N/A,N/A,N/A,N/A,?,0,0,0,N/A,P0,P0,69
2019/11/27,14:52:23,58.1563,1740,98%,4001,98,49,0,51384,0,N/A,?,0,16,0,0,3,16,1,1,3,0,0,0,0,0,0,0,0,N/A,N/A,N/A,N/A,N/A,?,0,0,0,N/A,P0,P0,72
2019/11/27,14:52:24,58.125,1740,99%,4001,97,48,0,50717,0,N/A,?,0,16,0,0,3,16,1,1,3,0,0,0,0,0,0,0,0,N/A,N/A,N/A,N/A,N/A,?,0,0,0,N/A,P0,P0,70
2019/11/27,14:52:25,57.9375,1725,100%,4001,97,46,0,53028,0,N/A,?,0,16,0,0,3,16,1,1,3,0,0,0,0,0,0,0,0,N/A,N/A,N/A,N/A,N/A,?,0,0,0,N/A,P0,P0,69
2019/11/27,14:52:26,57.9375,1725,100%,4001,97,48,0,51384,0,N/A,?,0,16,0,0,3,16,1,1,3,0,0,0,0,0,0,0,0,N/A,N/A,N/A,N/A,N/A,?,0,0,0,N/A,P0,P0,70
2019/11/27,14:52:27,57.875,1740,99%,4001,97,48,0,47318,0,N/A,?,0,16,0,0,3,16,1,1,3,0,0,0,0,0,0,0,0,N/A,N/A,N/A,N/A,N/A,?,0,0,0,N/A,P0,P0,69
2019/11/27,14:52:28,57.875,1725,100%,4001,97,47,0,49524,0,N/A,?,0,16,0,0,3,16,1,1,3,0,0,0,0,0,0,0,0,N/A,N/A,N/A,N/A,N/A,?,0,0,0,N/A,P0,P0,68
2019/11/27,14:52:29,57.75,1740,99%,4001,97,48,0,48804,0,N/A,?,0,16,0,0,3,16,1,1,3,0,0,0,0,0,0,0,0,N/A,N/A,N/A,N/A,N/A,?,0,0,0,N/A,P0,P0,67
2019/11/27,14:52:30,57.7813,1725,100%,4001,97,49,0,50363,0,N/A,?,0,16,0,0,3,16,1,1,3,0,0,0,0,0,0,0,0,N/A,N/A,N/A,N/A,N/A,?,0,0,0,N/A,P0,P0,69
2019/11/27,14:52:31,57.6875,1740,99%,4001,97,49,0,49876,0,N/A,?,0,16,0,0,3,16,1,1,3,0,0,0,0,0,0,0,0,N/A,N/A,N/A,N/A,N/A,?,0,0,0,N/A,P0,P0,67
2019/11/27,14:52:32,57.75,1740,99%,4001,98,47,0,50820,0,N/A,?,0,16,0,0,3,16,1,1,3,0,0,0,0,0,0,0,0,N/A,N/A,N/A,N/A,N/A,?,0,0,0,N/A,P0,P0,67
2019/11/27,14:52:33,57.6875,1755,99%,4001,98,45,0,51806,0,N/A,?,0,16,0,0,3,16,1,1,3,0,0,0,0,0,0,0,0,N/A,N/A,N/A,N/A,N/A,?,0,0,0,N/A,P0,P0,70
2019/11/27,14:52:34,57.375,1755,99%,4001,98,46,0,48453,0,N/A,?,0,16,0,0,3,16,1,1,3,0,0,0,0,0,0,0,0,N/A,N/A,N/A,N/A,N/A,?,0,0,0,N/A,P0,P0,67
2019/11/27,14:52:35,57.4375,1740,100%,4001,97,45,0,49327,0,N/A,?,0,16,0,0,3,16,1,1,3,0,0,0,0,0,0,0,0,N/A,N/A,N/A,N/A,N/A,?,0,0,0,N/A,P0,P0,67
2019/11/27,14:52:36,57.2188,1740,100%,4001,97,46,0,48379,0,N/A,?,0,16,0,0,3,16,1,1,3,0,0,0,0,0,0,0,0,N/A,N/A,N/A,N/A,N/A,?,0,0,0,N/A,P0,P0,67
2019/11/27,14:52:37,57.5,1740,100%,4001,97,47,0,51404,0,N/A,?,0,16,0,0,3,16,1,1,3,0,0,0,0,0,0,0,0,N/A,N/A,N/A,N/A,N/A,?,0,0,0,N/A,P0,P0,68
2019/11/27,14:52:38,57.1563,1725,100%,4001,97,47,0,48879,0,N/A,?,0,16,0,0,3,16,1,1,3,0,0,0,0,0,0,0,0,N/A,N/A,N/A,N/A,N/A,?,0,0,0,N/A,P0,P0,73
2019/11/27,14:52:39,57.2188,1725,100%,4001,97,48,0,49069,0,N/A,?,0,16,0,0,3,16,1,1,3,0,0,0,0,0,0,0,0,N/A,N/A,N/A,N/A,N/A,?,0,0,0,N/A,P0,P0,69
2019/11/27,14:52:40,53.1875,1890,94%,4001,56,27,0,19414,0,N/A,?,0,16,0,0,3,16,1,1,3,0,0,0,0,0,0,0,0,N/A,N/A,N/A,N/A,N/A,?,0,0,0,N/A,P0,P0,93
2019/11/27,14:52:41,52.5313,1890,100%,4001,1,1,0,18649,0,N/A,?,0,16,0,0,3,16,1,1,3,0,0,0,0,0,0,0,0,N/A,N/A,N/A,N/A,N/A,?,0,0,0,N/A,P0,P0,89
2019/11/27,14:52:42,51.4063,1395,118%,4001,1,0,0,14210,0,N/A,?,0,16,0,0,3,16,1,1,3,0,0,0,0,0,0,0,0,N/A,N/A,N/A,N/A,N/A,?,0,0,0,N/A,P0,P0,78
2019/11/27,14:52:43,50.4688,345,232%,810,1,0,5,7813,0,N/A,?,0,16,1,1,2,16,1,1,2,0,0,0,0,0,0,0,0,N/A,N/A,N/A,N/A,N/A,?,0,0,0,N/A,P0,P0,93
2019/11/27,14:52:44,50.0938,345,100%,810,1,1,5,12670,0,N/A,?,0,16,1,1,2,16,1,1,2,0,0,0,0,0,0,0,0,N/A,N/A,N/A,N/A,N/A,?,0,0,0,N/A,P0,P0,79
2019/11/27,14:52:45,54.625,1665,59%,4001,48,20,0,51327,0,N/A,?,0,16,0,0,3,16,1,1,3,0,0,0,0,0,0,0,0,N/A,N/A,N/A,N/A,N/A,?,0,0,0,N/A,P0,P0,91
2019/11/27,14:52:46,55.3125,1650,103%,4001,83,28,0,47494,0,N/A,?,0,16,0,0,3,16,1,1,3,0,0,0,0,0,0,0,0,N/A,N/A,N/A,N/A,N/A,?,0,0,0,N/A,P0,P0,72
2019/11/27,14:52:47,55.3438,1635,100%,4001,98,32,0,48210,0,N/A,?,0,16,0,0,3,16,1,1,3,0,0,0,0,0,0,0,0,N/A,N/A,N/A,N/A,N/A,?,0,0,0,N/A,P0,P0,70
2019/11/27,14:52:48,55.375,1650,99%,4001,98,32,0,47597,0,N/A,?,0,16,0,0,3,16,1,1,3,0,0,0,0,0,0,0,0,N/A,N/A,N/A,N/A,N/A,?,0,0,0,N/A,P0,P0,69
2019/11/27,14:52:49,55.7188,1650,99%,4001,97,32,0,48031,0,N/A,?,0,16,0,0,3,16,1,1,3,0,0,0,0,0,0,0,0,N/A,N/A,N/A,N/A,N/A,?,0,0,0,N/A,P0,P0,68
2019/11/27,14:52:50,55.7188,1635,100%,4001,98,32,0,47340,0,N/A,?,0,16,0,0,3,16,1,1,3,0,0,0,0,0,0,0,0,N/A,N/A,N/A,N/A,N/A,?,0,0,0,N/A,P0,P0,71
2019/11/27,14:52:51,55.9063,1635,100%,4001,98,31,0,47547,0,N/A,?,0,16,0,0,3,16,1,1,3,0,0,0,0,0,0,0,0,N/A,N/A,N/A,N/A,N/A,?,0,0,0,N/A,P0,P0,68
2019/11/27,14:52:52,55.9375,1635,100%,4001,98,31,0,49515,0,N/A,?,0,16,0,0,3,16,1,1,3,0,0,0,0,0,0,0,0,N/A,N/A,N/A,N/A,N/A,?,0,0,0,N/A,P0,P0,80
2019/11/27,14:52:53,55.6563,1620,100%,4001,98,31,0,47627,0,N/A,?,0,16,0,0,3,16,1,1,3,0,0,0,0,0,0,0,0,N/A,N/A,N/A,N/A,N/A,?,0,0,0,N/A,P0,P0,68
2019/11/27,14:52:54,56.1563,1620,100%,4001,98,31,0,52490,0,N/A,?,0,16,0,0,3,16,1,1,3,0,0,0,0,0,0,0,0,N/A,N/A,N/A,N/A,N/A,?,0,0,0,N/A,P0,P0,69
2019/11/27,14:52:55,56.125,1620,100%,4001,98,31,0,51623,0,N/A,?,0,16,0,0,3,16,1,1,3,0,0,0,0,0,0,0,0,N/A,N/A,N/A,N/A,N/A,?,0,0,0,N/A,P0,P0,67
2019/11/27,14:52:56,56.1563,1650,99%,4001,98,30,0,47025,0,N/A,?,0,16,0,0,3,16,1,1,3,0,0,0,0,0,0,0,0,N/A,N/A,N/A,N/A,N/A,?,0,0,0,N/A,P0,P0,72
2019/11/27,14:52:57,55.875,1635,99%,4001,98,30,0,47650,0,N/A,?,0,16,0,0,3,16,1,1,3,0,0,0,0,0,0,0,0,N/A,N/A,N/A,N/A,N/A,?,0,0,0,N/A,P0,P0,67
2019/11/27,14:52:58,55.8125,1620,100%,4001,98,29,0,47262,0,N/A,?,0,16,0,0,3,16,1,1,3,0,0,0,0,0,0,0,0,N/A,N/A,N/A,N/A,N/A,?,0,0,0,N/A,P0,P0,66
2019/11/27,14:52:59,56.4063,1620,100%,4001,99,28,0,50301,0,N/A,?,0,16,0,0,3,16,1,1,3,0,0,0,0,0,0,0,0,N/A,N/A,N/A,N/A,N/A,?,0,0,0,N/A,P0,P0,66
2019/11/27,14:53:00,56.2813,1620,100%,4001,98,27,0,49758,0,N/A,?,0,16,0,0,3,16,1,1,3,0,0,0,0,0,0,0,0,N/A,N/A,N/A,N/A,N/A,?,0,0,0,N/A,P0,P0,70
2019/11/27,14:53:01,55.9688,1635,99%,4001,98,27,0,50868,0,N/A,?,0,16,0,0,3,16,1,1,3,0,0,0,0,0,0,0,0,N/A,N/A,N/A,N/A,N/A,?,0,0,0,N/A,P0,P0,65
2019/11/27,14:53:02,56.2188,1605,100%,4001,99,27,0,49853,0,N/A,?,0,16,0,0,3,16,1,1,3,0,0,0,0,0,0,0,0,N/A,N/A,N/A,N/A,N/A,?,0,0,0,N/A,P0,P0,67
2019/11/27,14:53:03,56.125,1620,99%,4001,99,26,0,49051,0,N/A,?,0,16,0,0,3,16,1,1,3,0,0,0,0,0,0,0,0,N/A,N/A,N/A,N/A,N/A,?,0,0,0,N/A,P0,P0,66
2019/11/27,14:53:04,56.3438,1635,100%,4001,99,25,0,50847,0,N/A,?,0,16,0,0,3,16,1,1,3,0,0,0,0,0,0,0,0,N/A,N/A,N/A,N/A,N/A,?,0,0,0,N/A,P0,P0,70
2019/11/27,14:53:05,56.4063,1620,101%,4001,99,25,0,49388,0,N/A,?,0,16,0,0,3,16,1,1,3,0,0,0,0,0,0,0,0,N/A,N/A,N/A,N/A,N/A,?,0,0,0,N/A,P0,P0,64
2019/11/27,14:53:06,56.5625,1620,99%,4001,99,26,0,52130,0,N/A,?,0,16,0,0,3,16,1,1,3,0,0,0,0,0,0,0,0,N/A,N/A,N/A,N/A,N/A,?,0,0,0,N/A,P0,P0,64
2019/11/27,14:53:07,56.4375,1635,98%,4001,99,28,0,50993,0,N/A,?,0,16,0,0,3,16,1,1,3,0,0,0,0,0,0,0,0,N/A,N/A,N/A,N/A,N/A,?,0,0,0,N/A,P0,P0,66
2019/11/27,14:53:08,56.0313,1605,100%,4001,99,28,0,49731,0,N/A,?,0,16,0,0,3,16,1,1,3,0,0,0,0,0,0,0,0,N/A,N/A,N/A,N/A,N/A,?,0,0,0,N/A,P0,P0,61
2019/11/27,14:53:09,56.375,1620,99%,4001,99,28,0,50575,0,N/A,?,0,16,0,0,3,16,1,1,3,0,0,0,0,0,0,0,0,N/A,N/A,N/A,N/A,N/A,?,0,0,0,N/A,P0,P0,64
2019/11/27,14:53:10,56.5,1620,99%,4001,99,28,0,51932,0,N/A,?,0,16,0,0,3,16,1,1,3,0,0,0,0,0,0,0,0,N/A,N/A,N/A,N/A,N/A,?,0,0,0,N/A,P0,P0,64
2019/11/27,14:53:11,56.625,1590,101%,4001,99,28,0,50807,0,N/A,?,0,16,0,0,3,16,1,1,3,0,0,0,0,0,0,0,0,N/A,N/A,N/A,N/A,N/A,?,0,0,0,N/A,P0,P0,65
2019/11/27,14:53:12,56.375,1605,100%,4001,99,29,0,49037,0,N/A,?,0,16,0,0,3,16,1,1,3,0,0,0,0,0,0,0,0,N/A,N/A,N/A,N/A,N/A,?,0,0,0,N/A,P0,P0,64
2019/11/27,14:53:13,56.1563,1620,99%,4001,99,30,0,45971,0,N/A,?,0,16,0,0,3,16,1,1,3,0,0,0,0,0,0,0,0,N/A,N/A,N/A,N/A,N/A,?,0,0,0,N/A,P0,P0,64
2019/11/27,14:53:14,56.3125,1650,98%,4001,99,29,0,48312,0,N/A,?,0,16,0,0,3,16,1,1,3,0,0,0,0,0,0,0,0,N/A,N/A,N/A,N/A,N/A,?,0,0,0,N/A,P0,P0,64
2019/11/27,14:53:15,52.6563,1890,86%,4001,87,25,0,18398,0,N/A,?,0,16,0,0,3,16,1,1,3,0,0,0,0,0,0,0,0,N/A,N/A,N/A,N/A,N/A,?,0,0,0,N/A,P0,P0,95
2019/11/27,14:53:16,51.9063,1890,100%,4001,2,0,0,19043,0,N/A,?,0,16,0,0,3,16,1,1,3,0,0,0,0,0,0,0,0,N/A,N/A,N/A,N/A,N/A,?,0,0,0,N/A,P0,P0,55
2019/11/27,14:53:17,51,1395,125%,4001,1,1,0,14375,0,N/A,?,0,16,0,0,3,16,1,1,3,0,0,0,0,0,0,0,0,N/A,N/A,N/A,N/A,N/A,?,0,0,0,N/A,P0,P0,91
2019/11/27,14:53:18,50.0313,405,344%,810,1,0,5,7761,0,N/A,?,0,16,1,1,2,16,1,1,2,0,0,0,0,0,0,0,0,N/A,N/A,N/A,N/A,N/A,?,0,0,0,N/A,P0,P0,80
2019/11/27,14:53:19,49.3125,345,137%,810,2,2,5,7721,0,N/A,?,0,16,1,1,2,16,1,1,2,0,0,0,0,0,0,0,0,N/A,N/A,N/A,N/A,N/A,?,0,0,0,N/A,P0,P0,90
2019/11/27,14:53:20,49,345,100%,405,1,2,8,4026,0,N/A,?,0,16,1,1,1,16,1,1,1,0,0,0,0,0,0,0,0,N/A,N/A,N/A,N/A,N/A,?,0,0,0,N/A,P0,P0,77
2019/11/27,14:53:21,51.375,1860,17%,4001,30,17,0,17421,0,N/A,?,0,16,0,0,3,16,1,1,3,0,0,0,0,0,0,0,0,N/A,N/A,N/A,N/A,N/A,?,0,0,0,N/A,P0,P0,70
2019/11/27,14:53:22,54.0938,1680,100%,4001,89,37,0,49274,0,N/A,?,0,16,0,0,3,16,1,1,3,0,0,0,0,0,0,0,0,N/A,N/A,N/A,N/A,N/A,?,0,0,0,N/A,P0,P0,60
2019/11/27,14:53:23,54.9375,1650,101%,4001,99,37,0,51628,0,N/A,?,0,16,0,0,3,16,1,1,3,0,0,0,0,0,0,0,0,N/A,N/A,N/A,N/A,N/A,?,0,0,0,N/A,P0,P0,59
2019/11/27,14:53:24,54.75,1695,99%,4001,99,37,0,47391,0,N/A,?,0,16,0,0,3,16,1,1,3,0,0,0,0,0,0,0,0,N/A,N/A,N/A,N/A,N/A,?,0,0,0,N/A,P0,P0,58
2019/11/27,14:53:25,55.4688,1680,99%,4001,99,38,0,49492,0,N/A,?,0,16,0,0,3,16,1,1,3,0,0,0,0,0,0,0,0,N/A,N/A,N/A,N/A,N/A,?,0,0,0,N/A,P0,P0,73
2019/11/27,14:53:26,55.1563,1680,99%,4001,99,38,0,47257,0,N/A,?,0,16,0,0,3,16,1,1,3,0,0,0,0,0,0,0,0,N/A,N/A,N/A,N/A,N/A,?,0,0,0,N/A,P0,P0,59
2019/11/27,14:53:27,55.5,1695,99%,4001,99,35,0,48435,0,N/A,?,0,16,0,0,3,16,1,1,3,0,0,0,0,0,0,0,0,N/A,N/A,N/A,N/A,N/A,?,0,0,0,N/A,P0,P0,58
2019/11/27,14:53:28,55.125,1680,100%,4001,99,35,0,49323,0,N/A,?,0,16,0,0,3,16,1,1,3,0,0,0,0,0,0,0,0,N/A,N/A,N/A,N/A,N/A,?,0,0,0,N/A,P0,P0,59
2019/11/27,14:53:29,55.4063,1650,101%,4001,99,35,0,45957,0,N/A,?,0,16,0,0,3,16,1,1,3,0,0,0,0,0,0,0,0,N/A,N/A,N/A,N/A,N/A,?,0,0,0,N/A,P0,P0,57
2019/11/27,14:53:31,55.5625,1665,100%,4001,99,35,0,51008,0,N/A,?,0,16,0,0,3,16,1,1,3,0,0,0,0,0,0,0,0,N/A,N/A,N/A,N/A,N/A,?,0,0,0,N/A,P0,P0,57
2019/11/27,14:53:32,55.5938,1680,99%,4001,99,36,0,51132,0,N/A,?,0,16,0,0,3,16,1,1,3,0,0,0,0,0,0,0,0,N/A,N/A,N/A,N/A,N/A,?,0,0,0,N/A,P0,P0,58
2019/11/27,14:53:33,55.7188,1695,98%,4001,99,36,0,48212,0,N/A,?,0,16,0,0,3,16,1,1,3,0,0,0,0,0,0,0,0,N/A,N/A,N/A,N/A,N/A,?,0,0,0,N/A,P0,P0,59
2019/11/27,14:53:34,56.0938,1695,98%,4001,99,33,0,49355,0,N/A,?,0,16,0,0,3,16,1,1,3,0,0,0,0,0,0,0,0,N/A,N/A,N/A,N/A,N/A,?,0,0,0,N/A,P0,P0,57
2019/11/27,14:53:35,55.8438,1710,98%,4001,99,25,0,46731,0,N/A,?,0,16,0,0,3,16,1,1,3,0,0,0,0,0,0,0,0,N/A,N/A,N/A,N/A,N/A,?,0,0,0,N/A,P0,P0,59
2019/11/27,14:53:36,55.7813,1710,99%,4001,99,30,0,50522,0,N/A,?,0,16,0,0,3,16,1,1,3,0,0,0,0,0,0,0,0,N/A,N/A,N/A,N/A,N/A,?,0,0,0,N/A,P0,P0,58
2019/11/27,14:53:37,56.0625,1710,99%,4001,99,34,0,49872,0,N/A,?,0,16,0,0,3,16,1,1,3,0,0,0,0,0,0,0,0,N/A,N/A,N/A,N/A,N/A,?,0,0,0,N/A,P0,P0,58
2019/11/27,14:53:38,56.0938,1695,100%,4001,99,35,0,47052,0,N/A,?,0,16,0,0,3,16,1,1,3,0,0,0,0,0,0,0,0,N/A,N/A,N/A,N/A,N/A,?,0,0,0,N/A,P0,P0,63
2019/11/27,14:53:39,55.7188,1680,100%,4001,99,35,0,52076,0,N/A,?,0,16,0,0,3,16,1,1,3,0,0,0,0,0,0,0,0,N/A,N/A,N/A,N/A,N/A,?,0,0,0,N/A,P0,P0,57
2019/11/27,14:53:40,56.0625,1680,100%,4001,99,36,0,49068,0,N/A,?,0,16,0,0,3,16,1,1,3,0,0,0,0,0,0,0,0,N/A,N/A,N/A,N/A,N/A,?,0,0,0,N/A,P0,P0,60
2019/11/27,14:53:41,56.4063,1695,98%,4001,99,36,0,51560,0,N/A,?,0,16,0,0,3,16,1,1,3,0,0,0,0,0,0,0,0,N/A,N/A,N/A,N/A,N/A,?,0,0,0,N/A,P0,P0,57
2019/11/27,14:53:42,56.2813,1650,103%,4001,99,30,0,53342,0,N/A,?,0,16,0,0,3,16,1,1,3,0,0,0,0,0,0,0,0,N/A,N/A,N/A,N/A,N/A,?,0,0,0,N/A,P0,P0,57
2019/11/27,14:53:43,56.1875,1650,101%,4001,99,36,0,48629,0,N/A,?,0,16,0,0,3,16,1,1,3,0,0,0,0,0,0,0,0,N/A,N/A,N/A,N/A,N/A,?,0,0,0,N/A,P0,P0,67
2019/11/27,14:53:44,56.1875,1665,99%,4001,99,37,0,49700,0,N/A,?,0,16,0,0,3,16,1,1,3,0,0,0,0,0,0,0,0,N/A,N/A,N/A,N/A,N/A,?,0,0,0,N/A,P0,P0,57
2019/11/27,14:53:45,56.125,1635,101%,4001,99,36,0,49762,0,N/A,?,0,16,0,0,3,16,1,1,3,0,0,0,0,0,0,0,0,N/A,N/A,N/A,N/A,N/A,?,0,0,0,N/A,P0,P0,57
2019/11/27,14:53:46,56.25,1620,101%,4001,99,37,0,51333,0,N/A,?,0,16,0,0,3,16,1,1,3,0,0,0,0,0,0,0,0,N/A,N/A,N/A,N/A,N/A,?,0,0,0,N/A,P0,P0,58
2019/11/27,14:53:47,56.0625,1665,98%,4001,98,39,0,46910,0,N/A,?,0,16,0,0,3,16,1,1,3,0,0,0,0,0,0,0,0,N/A,N/A,N/A,N/A,N/A,?,0,0,0,N/A,P0,P0,58
2019/11/27,14:53:48,56.1563,1650,99%,4001,97,39,0,52276,0,N/A,?,0,16,0,0,3,16,1,1,3,0,0,0,0,0,0,0,0,N/A,N/A,N/A,N/A,N/A,?,0,0,0,N/A,P0,P0,57
2019/11/27,14:53:49,56.25,1695,98%,4001,98,38,0,51555,0,N/A,?,0,16,0,0,3,16,1,1,3,0,0,0,0,0,0,0,0,N/A,N/A,N/A,N/A,N/A,?,0,0,0,N/A,P0,P0,57
2019/11/27,14:53:50,56.25,1725,98%,4001,98,33,0,49568,0,N/A,?,0,16,0,0,3,16,1,1,3,0,0,0,0,0,0,0,0,N/A,N/A,N/A,N/A,N/A,?,0,0,0,N/A,P0,P0,58
2019/11/27,14:53:51,56.4688,1725,99%,4001,98,29,0,50613,0,N/A,?,0,16,0,0,3,16,1,1,3,0,0,0,0,0,0,0,0,N/A,N/A,N/A,N/A,N/A,?,0,0,0,N/A,P0,P0,58
2019/11/27,14:53:52,53.0313,1875,91%,4001,98,30,0,18842,0,N/A,?,0,16,0,0,3,16,1,1,3,0,0,0,0,0,0,0,0,N/A,N/A,N/A,N/A,N/A,?,0,0,0,N/A,P0,P0,71
2019/11/27,14:53:53,51.8438,1890,99%,4001,2,1,0,19008,0,N/A,?,0,16,0,0,3,16,1,1,3,0,0,0,0,0,0,0,0,N/A,N/A,N/A,N/A,N/A,?,0,0,0,N/A,P0,P0,86
2019/11/27,14:53:54,50.9063,1395,132%,4001,1,1,0,14370,0,N/A,?,0,16,0,0,3,16,1,1,3,0,0,0,0,0,0,0,0,N/A,N/A,N/A,N/A,N/A,?,0,0,0,N/A,P0,P0,90
2019/11/27,14:53:55,49.875,345,336%,810,1,1,5,8001,0,N/A,?,0,16,1,1,2,16,1,1,2,0,0,0,0,0,0,0,0,N/A,N/A,N/A,N/A,N/A,?,0,0,0,N/A,P0,P0,81
2019/11/27,14:53:56,49.1563,345,101%,810,6,3,5,7448,0,N/A,?,0,16,1,1,2,16,1,1,2,0,0,0,0,0,0,0,0,N/A,N/A,N/A,N/A,N/A,?,0,0,0,N/A,P0,P0,82
2019/11/27,14:53:57,48.875,300,115%,405,1,2,8,4039,0,N/A,?,0,16,1,1,1,16,1,1,1,0,0,0,0,0,0,0,0,N/A,N/A,N/A,N/A,N/A,?,0,0,0,N/A,P0,P0,81
2019/11/27,14:53:58,50.5625,1395,12%,4001,10,7,0,33438,0,N/A,?,0,16,0,0,3,16,1,1,3,0,0,0,0,0,0,0,0,N/A,N/A,N/A,N/A,N/A,?,0,0,0,N/A,P0,P0,59
2019/11/27,14:53:59,54.2813,1710,88%,4001,81,38,0,50604,0,N/A,?,0,16,0,0,3,16,1,1,3,0,0,0,0,0,0,0,0,N/A,N/A,N/A,N/A,N/A,?,0,0,0,N/A,P0,P0,59
2019/11/27,14:54:00,54.6563,1710,99%,4001,99,45,0,49677,0,N/A,?,0,16,0,0,3,16,1,1,3,0,0,0,0,0,0,0,0,N/A,N/A,N/A,N/A,N/A,?,0,0,0,N/A,P0,P0,61
2019/11/27,14:54:01,55.0313,1710,99%,4001,99,45,0,48692,0,N/A,?,0,16,0,0,3,16,1,1,3,0,0,0,0,0,0,0,0,N/A,N/A,N/A,N/A,N/A,?,0,0,0,N/A,P0,P0,59
2019/11/27,14:54:02,54.9063,1710,99%,4001,99,44,0,47653,0,N/A,?,0,16,0,0,3,16,1,1,3,0,0,0,0,0,0,0,0,N/A,N/A,N/A,N/A,N/A,?,0,0,0,N/A,P0,P0,60
2019/11/27,14:54:03,55.1563,1710,99%,4001,99,44,0,49784,0,N/A,?,0,16,0,0,3,16,1,1,3,0,0,0,0,0,0,0,0,N/A,N/A,N/A,N/A,N/A,?,0,0,0,N/A,P0,P0,58
2019/11/27,14:54:04,55.1563,1695,100%,4001,99,44,0,48051,0,N/A,?,0,16,0,0,3,16,1,1,3,0,0,0,0,0,0,0,0,N/A,N/A,N/A,N/A,N/A,?,0,0,0,N/A,P0,P0,59
2019/11/27,14:54:05,55.3125,1710,99%,4001,99,44,0,49068,0,N/A,?,0,16,0,0,3,16,1,1,3,0,0,0,0,0,0,0,0,N/A,N/A,N/A,N/A,N/A,?,0,0,0,N/A,P0,P0,58
2019/11/27,14:54:06,55.625,1710,100%,4001,99,43,0,48989,0,N/A,?,0,16,0,0,3,16,1,1,3,0,0,0,0,0,0,0,0,N/A,N/A,N/A,N/A,N/A,?,0,0,0,N/A,P0,P0,59
2019/11/27,14:54:07,55.5938,1710,100%,4001,99,42,0,50490,0,N/A,?,0,16,0,0,3,16,1,1,3,0,0,0,0,0,0,0,0,N/A,N/A,N/A,N/A,N/A,?,0,0,0,N/A,P0,P0,60
2019/11/27,14:54:08,55.5938,1725,99%,4001,99,42,0,51202,0,N/A,?,0,16,0,0,3,16,1,1,3,0,0,0,0,0,0,0,0,N/A,N/A,N/A,N/A,N/A,?,0,0,0,N/A,P0,P0,59
2019/11/27,14:54:09,55.5625,1725,99%,4001,99,42,0,49732,0,N/A,?,0,16,0,0,3,16,1,1,3,0,0,0,0,0,0,0,0,N/A,N/A,N/A,N/A,N/A,?,0,0,0,N/A,P0,P0,60
2019/11/27,14:54:10,55.75,1725,99%,4001,99,41,0,49179,0,N/A,?,0,16,0,0,3,16,1,1,3,0,0,0,0,0,0,0,0,N/A,N/A,N/A,N/A,N/A,?,0,0,0,N/A,P0,P0,60
2019/11/27,14:54:11,55.6563,1725,99%,4001,99,42,0,51294,0,N/A,?,0,16,0,0,3,16,1,1,3,0,0,0,0,0,0,0,0,N/A,N/A,N/A,N/A,N/A,?,0,0,0,N/A,P0,P0,59
2019/11/27,14:54:12,55.7188,1725,99%,4001,99,43,0,50510,0,N/A,?,0,16,0,0,3,16,1,1,3,0,0,0,0,0,0,0,0,N/A,N/A,N/A,N/A,N/A,?,0,0,0,N/A,P0,P0,59
2019/11/27,14:54:13,55.7813,1725,99%,4001,99,42,0,49764,0,N/A,?,0,16,0,0,3,16,1,1,3,0,0,0,0,0,0,0,0,N/A,N/A,N/A,N/A,N/A,?,0,0,0,N/A,P0,P0,60
2019/11/27,14:54:14,55.8125,1740,99%,4001,99,41,0,50515,0,N/A,?,0,16,0,0,3,16,1,1,3,0,0,0,0,0,0,0,0,N/A,N/A,N/A,N/A,N/A,?,0,0,0,N/A,P0,P0,59
2019/11/27,14:54:15,55.8125,1740,99%,4001,99,43,0,49407,0,N/A,?,0,16,0,0,3,16,1,1,3,0,0,0,0,0,0,0,0,N/A,N/A,N/A,N/A,N/A,?,0,0,0,N/A,P0,P0,61
2019/11/27,14:54:16,55.875,1710,100%,4001,99,43,0,49967,0,N/A,?,0,16,0,0,3,16,1,1,3,0,0,0,0,0,0,0,0,N/A,N/A,N/A,N/A,N/A,?,0,0,0,N/A,P0,P0,59
2019/11/27,14:54:17,55.9375,1710,100%,4001,99,44,0,50196,0,N/A,?,0,16,0,0,3,16,1,1,3,0,0,0,0,0,0,0,0,N/A,N/A,N/A,N/A,N/A,?,0,0,0,N/A,P0,P0,60
2019/11/27,14:54:18,55.9688,1710,99%,4001,99,45,0,49993,0,N/A,?,0,16,0,0,3,16,1,1,3,0,0,0,0,0,0,0,0,N/A,N/A,N/A,N/A,N/A,?,0,0,0,N/A,P0,P0,61
2019/11/27,14:54:19,56.0938,1725,98%,4001,99,46,0,52696,0,N/A,?,0,16,0,0,3,16,1,1,3,0,0,0,0,0,0,0,0,N/A,N/A,N/A,N/A,N/A,?,0,0,0,N/A,P0,P0,60
2019/11/27,14:54:20,56.2188,1725,98%,4001,99,46,0,52336,0,N/A,?,0,16,0,0,3,16,1,1,3,0,0,0,0,0,0,0,0,N/A,N/A,N/A,N/A,N/A,?,0,0,0,N/A,P0,P0,63
2019/11/27,14:54:21,55.8438,1710,99%,4001,99,46,0,48398,0,N/A,?,0,16,0,0,3,16,1,1,3,0,0,0,0,0,0,0,0,N/A,N/A,N/A,N/A,N/A,?,0,0,0,N/A,P0,P0,60
2019/11/27,14:54:22,56.1875,1725,99%,4001,99,46,0,50521,0,N/A,?,0,16,0,0,3,16,1,1,3,0,0,0,0,0,0,0,0,N/A,N/A,N/A,N/A,N/A,?,0,0,0,N/A,P0,P0,62
2019/11/27,14:54:23,56.2188,1725,99%,4001,99,45,0,48684,0,N/A,?,0,16,0,0,3,16,1,1,3,0,0,0,0,0,0,0,0,N/A,N/A,N/A,N/A,N/A,?,0,0,0,N/A,P0,P0,61
2019/11/27,14:54:24,56.25,1740,99%,4001,99,44,0,51018,0,N/A,?,0,16,0,0,3,16,1,1,3,0,0,0,0,0,0,0,0,N/A,N/A,N/A,N/A,N/A,?,0,0,0,N/A,P0,P0,60
2019/11/27,14:54:25,56.3438,1725,100%,4001,99,43,0,51188,0,N/A,?,0,16,0,0,3,16,1,1,3,0,0,0,0,0,0,0,0,N/A,N/A,N/A,N/A,N/A,?,0,0,0,N/A,P0,P0,64
2019/11/27,14:54:26,56.25,1725,99%,4001,99,44,0,50764,0,N/A,?,0,16,0,0,3,16,1,1,3,0,0,0,0,0,0,0,0,N/A,N/A,N/A,N/A,N/A,?,0,0,0,N/A,P0,P0,60
2019/11/27,14:54:27,56.1875,1710,100%,4001,99,44,0,47757,0,N/A,?,0,16,0,0,3,16,1,1,3,0,0,0,0,0,0,0,0,N/A,N/A,N/A,N/A,N/A,?,0,0,0,N/A,P0,P0,60
2019/11/27,14:54:28,56.5938,1725,99%,4001,99,45,0,49837,0,N/A,?,0,16,0,0,3,16,1,1,3,0,0,0,0,0,0,0,0,N/A,N/A,N/A,N/A,N/A,?,0,0,0,N/A,P0,P0,60
2019/11/27,14:54:29,51.9688,1890,96%,4001,32,14,0,19030,0,N/A,?,0,16,0,0,3,16,1,1,3,0,0,0,0,0,0,0,0,N/A,N/A,N/A,N/A,N/A,?,0,0,0,N/A,P0,P0,58
2019/11/27,14:54:30,51.2813,1395,135%,4001,1,0,0,14556,0,N/A,?,0,16,0,0,3,16,1,1,3,0,0,0,0,0,0,0,0,N/A,N/A,N/A,N/A,N/A,?,0,0,0,N/A,P0,P0,71
2019/11/27,14:54:31,50.5313,1395,104%,4001,1,1,0,14296,0,N/A,?,0,16,0,0,3,16,1,1,3,0,0,0,0,0,0,0,0,N/A,N/A,N/A,N/A,N/A,?,0,0,0,N/A,P0,P0,79
2019/11/27,14:54:32,49.8125,345,261%,810,1,0,5,8022,0,N/A,?,0,16,1,1,2,16,1,1,2,0,0,0,0,0,0,0,0,N/A,N/A,N/A,N/A,N/A,?,0,0,0,N/A,P0,P0,86
2019/11/27,14:54:33,49.2813,345,100%,810,3,2,5,7383,0,N/A,?,0,16,1,1,2,16,1,1,2,0,0,0,0,0,0,0,0,N/A,N/A,N/A,N/A,N/A,?,0,0,0,N/A,P0,P0,86
2019/11/27,14:54:34,48.8125,300,109%,405,4,3,8,3978,0,N/A,?,0,16,1,1,1,16,1,1,1,0,0,0,0,0,0,0,0,N/A,N/A,N/A,N/A,N/A,?,0,0,0,N/A,P0,P0,80
2019/11/27,14:54:35,48.4688,300,50%,405,1,3,8,3919,0,N/A,?,0,16,1,1,1,16,1,1,1,0,0,0,0,0,0,0,0,N/A,N/A,N/A,N/A,N/A,?,0,0,0,N/A,P0,P0,87
2019/11/27,14:54:36,50.375,1905,43%,4001,65,31,0,19003,0,N/A,?,0,16,0,0,3,16,1,1,3,0,0,0,0,0,0,0,0,N/A,N/A,N/A,N/A,N/A,?,0,0,0,N/A,P0,P0,75
2019/11/27,14:54:37,54.4375,1710,104%,4001,65,36,0,49434,0,N/A,?,0,16,0,0,3,16,1,1,3,0,0,0,0,0,0,0,0,N/A,N/A,N/A,N/A,N/A,?,0,0,0,N/A,P0,P0,64
2019/11/27,14:54:38,54.6875,1680,100%,4001,99,52,0,50324,0,N/A,?,0,16,0,0,3,16,1,1,3,0,0,0,0,0,0,0,0,N/A,N/A,N/A,N/A,N/A,?,0,0,0,N/A,P0,P0,63
2019/11/27,14:54:39,54.75,1680,100%,4001,99,52,0,49289,0,N/A,?,0,16,0,0,3,16,1,1,3,0,0,0,0,0,0,0,0,N/A,N/A,N/A,N/A,N/A,?,0,0,0,N/A,P0,P0,60
2019/11/27,14:54:40,55.1563,1680,100%,4001,99,51,0,49402,0,N/A,?,0,16,0,0,3,16,1,1,3,0,0,0,0,0,0,0,0,N/A,N/A,N/A,N/A,N/A,?,0,0,0,N/A,P0,P0,64
2019/11/27,14:54:41,55.125,1665,100%,4001,98,51,0,50144,0,N/A,?,0,16,0,0,3,16,1,1,3,0,0,0,0,0,0,0,0,N/A,N/A,N/A,N/A,N/A,?,0,0,0,N/A,P0,P0,72
2019/11/27,14:54:42,55.2813,1650,100%,4001,99,51,0,51914,0,N/A,?,0,16,0,0,3,16,1,1,3,0,0,0,0,0,0,0,0,N/A,N/A,N/A,N/A,N/A,?,0,0,0,N/A,P0,P0,69
2019/11/27,14:54:43,55.4375,1665,99%,4001,99,50,0,50302,0,N/A,?,0,16,0,0,3,16,1,1,3,0,0,0,0,0,0,0,0,N/A,N/A,N/A,N/A,N/A,?,0,0,0,N/A,P0,P0,63
2019/11/27,14:54:44,55.5625,1665,99%,4001,99,51,0,49637,0,N/A,?,0,16,0,0,3,16,1,1,3,0,0,0,0,0,0,0,0,N/A,N/A,N/A,N/A,N/A,?,0,0,0,N/A,P0,P0,60
2019/11/27,14:54:45,55.6563,1635,101%,4001,99,50,0,51060,0,N/A,?,0,16,0,0,3,16,1,1,3,0,0,0,0,0,0,0,0,N/A,N/A,N/A,N/A,N/A,?,0,0,0,N/A,P0,P0,60
2019/11/27,14:54:46,55.625,1635,100%,4001,99,50,0,52601,0,N/A,?,0,16,0,0,3,16,1,1,3,0,0,0,0,0,0,0,0,N/A,N/A,N/A,N/A,N/A,?,0,0,0,N/A,P0,P0,62
2019/11/27,14:54:47,55.9063,1665,99%,4001,99,48,0,51037,0,N/A,?,0,16,0,0,3,16,1,1,3,0,0,0,0,0,0,0,0,N/A,N/A,N/A,N/A,N/A,?,0,0,0,N/A,P0,P0,59
2019/11/27,14:54:48,55.9688,1650,100%,4001,99,48,0,51436,0,N/A,?,0,16,0,0,3,16,1,1,3,0,0,0,0,0,0,0,0,N/A,N/A,N/A,N/A,N/A,?,0,0,0,N/A,P0,P0,58
2019/11/27,14:54:49,55.6563,1665,99%,4001,99,48,0,50068,0,N/A,?,0,16,0,0,3,16,1,1,3,0,0,0,0,0,0,0,0,N/A,N/A,N/A,N/A,N/A,?,0,0,0,N/A,P0,P0,64
2019/11/27,14:54:50,56.2188,1665,99%,4001,99,47,0,49416,0,N/A,?,0,16,0,0,3,16,1,1,3,0,0,0,0,0,0,0,0,N/A,N/A,N/A,N/A,N/A,?,0,0,0,N/A,P0,P0,57
2019/11/27,14:54:51,56.0313,1665,99%,4001,99,48,0,51548,0,N/A,?,0,16,0,0,3,16,1,1,3,0,0,0,0,0,0,0,0,N/A,N/A,N/A,N/A,N/A,?,0,0,0,N/A,P0,P0,62
2019/11/27,14:54:52,56,1680,98%,4001,99,47,0,50543,0,N/A,?,0,16,0,0,3,16,1,1,3,0,0,0,0,0,0,0,0,N/A,N/A,N/A,N/A,N/A,?,0,0,0,N/A,P0,P0,61
2019/11/27,14:54:53,56.3438,1665,100%,4001,99,47,0,51086,0,N/A,?,0,16,0,0,3,16,1,1,3,0,0,0,0,0,0,0,0,N/A,N/A,N/A,N/A,N/A,?,0,0,0,N/A,P0,P0,58
2019/11/27,14:54:54,56.0938,1665,100%,4001,99,47,0,52284,0,N/A,?,0,16,0,0,3,16,1,1,3,0,0,0,0,0,0,0,0,N/A,N/A,N/A,N/A,N/A,?,0,0,0,N/A,P0,P0,62
2019/11/27,14:54:55,56.2813,1665,100%,4001,99,47,0,48856,0,N/A,?,0,16,0,0,3,16,1,1,3,0,0,0,0,0,0,0,0,N/A,N/A,N/A,N/A,N/A,?,0,0,0,N/A,P0,P0,60
2019/11/27,14:54:56,56.2188,1665,100%,4001,99,47,0,49951,0,N/A,?,0,16,0,0,3,16,1,1,3,0,0,0,0,0,0,0,0,N/A,N/A,N/A,N/A,N/A,?,0,0,0,N/A,P0,P0,58
2019/11/27,14:54:57,56.2188,1635,101%,4001,99,47,0,53359,0,N/A,?,0,16,0,0,3,16,1,1,3,0,0,0,0,0,0,0,0,N/A,N/A,N/A,N/A,N/A,?,0,0,0,N/A,P0,P0,62
2019/11/27,14:54:58,56.0625,1650,100%,4001,98,47,0,51605,0,N/A,?,0,16,0,0,3,16,1,1,3,0,0,0,0,0,0,0,0,N/A,N/A,N/A,N/A,N/A,?,0,0,0,N/A,P0,P0,62
2019/11/27,14:54:59,56.125,1695,98%,4001,98,47,0,49622,0,N/A,?,0,16,0,0,3,16,1,1,3,0,0,0,0,0,0,0,0,N/A,N/A,N/A,N/A,N/A,?,0,0,0,N/A,P0,P0,61
2019/11/27,14:55:00,55.8438,1680,99%,4001,98,46,0,49131,0,N/A,?,0,16,0,0,3,16,1,1,3,0,0,0,0,0,0,0,0,N/A,N/A,N/A,N/A,N/A,?,0,0,0,N/A,P0,P0,60
2019/11/27,14:55:01,56.2813,1680,99%,4001,98,46,0,51529,0,N/A,?,0,16,0,0,3,16,1,1,3,0,0,0,0,0,0,0,0,N/A,N/A,N/A,N/A,N/A,?,0,0,0,N/A,P0,P0,62
2019/11/27,14:55:02,56.1563,1680,99%,4001,98,47,0,51659,0,N/A,?,0,16,0,0,3,16,1,1,3,0,0,0,0,0,0,0,0,N/A,N/A,N/A,N/A,N/A,?,0,0,0,N/A,P0,P0,62
2019/11/27,14:55:03,56.3125,1680,99%,4001,99,47,0,50164,0,N/A,?,0,16,0,0,3,16,1,1,3,0,0,0,0,0,0,0,0,N/A,N/A,N/A,N/A,N/A,?,0,0,0,N/A,P0,P0,61
2019/11/27,14:55:04,56.3438,1680,99%,4001,98,48,0,49862,0,N/A,?,0,16,0,0,3,16,1,1,3,0,0,0,0,0,0,0,0,N/A,N/A,N/A,N/A,N/A,?,0,0,0,N/A,P0,P0,60
2019/11/27,14:55:05,56.4063,1680,99%,4001,98,49,0,49771,0,N/A,?,0,16,0,0,3,16,1,1,3,0,0,0,0,0,0,0,0,N/A,N/A,N/A,N/A,N/A,?,0,0,0,N/A,P0,P0,62
2019/11/27,14:55:06,53.625,1875,89%,4001,98,49,0,23286,0,N/A,?,0,16,0,0,3,16,1,1,3,0,0,0,0,0,0,0,0,N/A,N/A,N/A,N/A,N/A,?,0,0,0,N/A,P0,P0,72
2019/11/27,14:55:07,51.8125,1890,98%,4001,14,7,0,19043,0,N/A,?,0,16,0,0,3,16,1,1,3,0,0,0,0,0,0,0,0,N/A,N/A,N/A,N/A,N/A,?,0,0,0,N/A,P0,P0,57
2019/11/27,14:55:08,50.875,1395,132%,4001,1,1,0,14068,0,N/A,?,0,16,0,0,3,16,1,1,3,0,0,0,0,0,0,0,0,N/A,N/A,N/A,N/A,N/A,?,0,0,0,N/A,P0,P0,87
2019/11/27,14:55:09,50.4375,420,332%,3500,1,0,3,11222,0,N/A,?,0,16,0,0,3,16,1,1,3,0,0,0,0,0,0,0,0,N/A,N/A,N/A,N/A,N/A,?,0,0,0,N/A,P0,P0,81
2019/11/27,14:55:10,49.5938,345,165%,810,1,1,5,7593,0,N/A,?,0,16,1,1,2,16,1,1,2,0,0,0,0,0,0,0,0,N/A,N/A,N/A,N/A,N/A,?,0,0,0,N/A,P0,P0,90
2019/11/27,14:55:11,49.0313,345,100%,810,6,4,5,7325,0,N/A,?,0,16,1,1,2,16,1,1,2,0,0,0,0,0,0,0,0,N/A,N/A,N/A,N/A,N/A,?,0,0,0,N/A,P0,P0,82
2019/11/27,14:55:12,48.7188,300,97%,405,6,5,8,7107,0,N/A,?,0,16,1,1,1,16,1,1,1,0,0,0,0,0,0,0,0,N/A,N/A,N/A,N/A,N/A,?,0,0,0,N/A,P0,P0,94
2019/11/27,14:55:13,48.6875,300,50%,405,26,19,8,7619,0,N/A,?,0,16,1,1,1,16,1,1,1,0,0,0,0,0,0,0,0,N/A,N/A,N/A,N/A,N/A,?,0,0,0,N/A,P0,P0,94
2019/11/27,14:55:14,48.6563,300,50%,405,25,19,8,5199,0,N/A,?,0,16,1,1,1,16,1,1,1,0,0,0,0,0,0,0,0,N/A,N/A,N/A,N/A,N/A,?,0,0,0,N/A,P0,P0,94
2019/11/27,14:55:15,48.625,300,50%,405,25,19,8,5243,0,N/A,?,0,16,1,1,1,16,1,1,1,0,0,0,0,0,0,0,0,N/A,N/A,N/A,N/A,N/A,?,0,0,0,N/A,P0,P0,94
2019/11/27,14:55:16,48.5938,300,50%,405,25,19,8,5247,0,N/A,?,0,16,1,1,1,16,1,1,1,0,0,0,0,0,0,0,0,N/A,N/A,N/A,N/A,N/A,?,0,0,0,N/A,P0,P0,94
2019/11/27,14:55:18,48.75,300,50%,405,24,18,8,4622,0,N/A,?,0,16,1,1,1,16,1,1,1,0,0,0,0,0,0,0,0,N/A,N/A,N/A,N/A,N/A,?,0,0,0,N/A,P0,P0,95
2019/11/27,14:55:19,48.75,300,50%,405,25,19,8,5008,0,N/A,?,0,16,1,1,1,16,1,1,1,0,0,0,0,0,0,0,0,N/A,N/A,N/A,N/A,N/A,?,0,0,0,N/A,P0,P0,94
2019/11/27,14:55:20,48.875,300,50%,405,25,19,8,4915,0,N/A,?,0,16,1,1,1,16,1,1,1,0,0,0,0,0,0,0,0,N/A,N/A,N/A,N/A,N/A,?,0,0,0,N/A,P0,P0,94
2019/11/27,14:55:21,48.7813,300,50%,405,24,19,8,7104,0,N/A,?,0,16,1,1,1,16,1,1,1,0,0,0,0,0,0,0,0,N/A,N/A,N/A,N/A,N/A,?,0,0,0,N/A,P0,P0,94
2019/11/27,14:55:22,48.875,300,50%,405,25,19,8,5064,0,N/A,?,0,16,1,1,1,16,1,1,1,0,0,0,0,0,0,0,0,N/A,N/A,N/A,N/A,N/A,?,0,0,0,N/A,P0,P0,93
2019/11/27,14:55:23,48.8125,300,50%,405,25,20,8,4905,0,N/A,?,0,16,1,1,1,16,1,1,1,0,0,0,0,0,0,0,0,N/A,N/A,N/A,N/A,N/A,?,0,0,0,N/A,P0,P0,94
2019/11/27,14:55:24,48.8125,300,50%,405,24,19,8,4789,0,N/A,?,0,16,1,1,1,16,1,1,1,0,0,0,0,0,0,0,0,N/A,N/A,N/A,N/A,N/A,?,0,0,0,N/A,P0,P0,95
2019/11/27,14:55:25,48.7813,300,50%,405,26,21,8,7110,0,N/A,?,0,16,1,1,1,16,1,1,1,0,0,0,0,0,0,0,0,N/A,N/A,N/A,N/A,N/A,?,0,0,0,N/A,P0,P0,94
2019/11/27,14:55:26,48.875,300,50%,405,24,20,8,4557,0,N/A,?,0,16,1,1,1,16,1,1,1,0,0,0,0,0,0,0,0,N/A,N/A,N/A,N/A,N/A,?,0,0,0,N/A,P0,P0,94
2019/11/27,14:55:27,48.8125,300,50%,405,25,20,8,4146,0,N/A,?,0,16,1,1,1,16,1,1,1,0,0,0,0,0,0,0,0,N/A,N/A,N/A,N/A,N/A,?,0,0,0,N/A,P0,P0,94
2019/11/27,14:55:28,48.7813,300,50%,405,24,20,8,4539,0,N/A,?,0,16,1,1,1,16,1,1,1,0,0,0,0,0,0,0,0,N/A,N/A,N/A,N/A,N/A,?,0,0,0,N/A,P0,P0,94
2019/11/27,14:55:29,48.75,300,50%,405,24,19,8,5097,0,N/A,?,0,16,1,1,1,16,1,1,1,0,0,0,0,0,0,0,0,N/A,N/A,N/A,N/A,N/A,?,0,0,0,N/A,P0,P0,94
2019/11/27,14:55:30,48.7813,300,50%,405,22,18,8,4869,0,N/A,?,0,16,1,1,1,16,1,1,1,0,0,0,0,0,0,0,0,N/A,N/A,N/A,N/A,N/A,?,0,0,0,N/A,P0,P0,95
2019/11/27,14:55:31,48.8125,300,50%,405,22,18,8,4485,0,N/A,?,0,16,1,1,1,16,1,1,1,0,0,0,0,0,0,0,0,N/A,N/A,N/A,N/A,N/A,?,0,0,0,N/A,P0,P0,94
2019/11/27,14:55:32,48.5938,300,50%,405,19,16,8,4548,0,N/A,?,0,16,1,1,1,16,1,1,1,0,0,0,0,0,0,0,0,N/A,N/A,N/A,N/A,N/A,?,0,0,0,N/A,P0,P0,81
2019/11/27,14:55:33,49.25,1395,23%,4001,13,9,0,14486,0,N/A,?,0,16,0,0,3,16,1,1,3,0,0,0,0,0,0,0,0,N/A,N/A,N/A,N/A,N/A,?,0,0,0,N/A,P0,P0,57
2019/11/27,14:55:34,49.1563,1395,100%,4001,1,0,0,14414,0,N/A,?,0,16,0,0,3,16,1,1,3,0,0,0,0,0,0,0,0,N/A,N/A,N/A,N/A,N/A,?,0,0,0,N/A,P0,P0,86
2019/11/27,14:55:35,49.125,1395,100%,4001,1,1,0,14174,0,N/A,?,0,16,0,0,3,16,1,1,3,0,0,0,0,0,0,0,0,N/A,N/A,N/A,N/A,N/A,?,0,0,0,N/A,P0,P0,83
2019/11/27,14:55:36,48.2188,345,404%,405,0,0,8,4476,0,N/A,?,0,16,1,1,1,16,1,1,1,0,0,0,0,0,0,0,0,N/A,N/A,N/A,N/A,N/A,?,0,0,0,N/A,P0,P0,89
2019/11/27,14:55:37,47.875,345,110%,405,3,4,8,4047,0,N/A,?,0,16,1,1,1,16,1,1,1,0,0,0,0,0,0,0,0,N/A,N/A,N/A,N/A,N/A,?,0,0,0,N/A,P0,P0,77
2019/11/27,14:55:38,47.5,300,109%,405,3,4,8,4037,0,N/A,?,0,16,1,1,1,16,1,1,1,0,0,0,0,0,0,0,0,N/A,N/A,N/A,N/A,N/A,?,0,0,0,N/A,P0,P0,71
2019/11/27,14:55:39,47.3125,300,50%,405,2,3,8,4025,0,N/A,?,0,16,1,1,1,16,1,1,1,0,0,0,0,0,0,0,0,N/A,N/A,N/A,N/A,N/A,?,0,0,0,N/A,P0,P0,72
2019/11/27,14:55:40,47.0313,300,50%,405,0,2,8,4026,0,N/A,?,0,16,1,1,1,16,1,1,1,0,0,0,0,0,0,0,0,N/A,N/A,N/A,N/A,N/A,?,0,0,0,N/A,P0,P0,80
2019/11/27,14:55:41,46.5938,300,50%,405,0,2,8,3968,0,N/A,?,0,16,1,1,1,16,1,1,1,0,0,0,0,0,0,0,0,N/A,N/A,N/A,N/A,N/A,?,0,0,0,N/A,P0,P0,80
2019/11/27,14:55:42,46.4375,300,50%,405,0,2,8,4027,0,N/A,?,0,16,1,1,1,16,1,1,1,0,0,0,0,0,0,0,0,N/A,N/A,N/A,N/A,N/A,?,0,0,0,N/A,P0,P0,79
2019/11/27,14:55:43,46.3125,300,50%,405,0,2,8,4053,0,N/A,?,0,16,1,1,1,16,1,1,1,0,0,0,0,0,0,0,0,N/A,N/A,N/A,N/A,N/A,?,0,0,0,N/A,P0,P0,80
2019/11/27,14:55:44,46.0313,300,50%,405,0,2,8,4031,0,N/A,?,0,16,1,1,1,16,1,1,1,0,0,0,0,0,0,0,0,N/A,N/A,N/A,N/A,N/A,?,0,0,0,N/A,P0,P0,81
2019/11/27,14:55:45,45.9063,300,50%,405,0,2,8,3959,0,N/A,?,0,16,1,1,1,16,1,1,1,0,0,0,0,0,0,0,0,N/A,N/A,N/A,N/A,N/A,?,0,0,0,N/A,P0,P0,73
2019/11/27,14:55:46,45.6875,300,50%,405,0,2,8,3812,0,N/A,?,0,16,1,1,1,16,1,1,1,0,0,0,0,0,0,0,0,N/A,N/A,N/A,N/A,N/A,?,0,0,0,N/A,P0,P0,70
2019/11/27,14:55:47,45.375,300,50%,405,0,2,8,3792,0,N/A,?,0,16,1,1,1,16,1,1,1,0,0,0,0,0,0,0,0,N/A,N/A,N/A,N/A,N/A,?,0,0,0,N/A,P0,P0,78
2019/11/27,14:55:48,45.1875,300,50%,405,0,2,8,3892,0,N/A,?,0,16,1,1,1,16,1,1,1,0,0,0,0,0,0,0,0,N/A,N/A,N/A,N/A,N/A,?,0,0,0,N/A,P0,P0,78
2019/11/27,14:55:49,45.0313,300,50%,405,0,2,8,3889,0,N/A,?,0,16,1,1,1,16,1,1,1,0,0,0,0,0,0,0,0,N/A,N/A,N/A,N/A,N/A,?,0,0,0,N/A,P0,P0,78
2019/11/27,14:55:50,44.9375,300,50%,405,0,2,8,3825,0,N/A,?,0,16,1,1,1,16,1,1,1,0,0,0,0,0,0,0,0,N/A,N/A,N/A,N/A,N/A,?,0,0,0,N/A,P0,P0,79
2019/11/27,14:55:51,44.7188,300,50%,405,0,2,8,3762,0,N/A,?,0,16,1,1,1,16,1,1,1,0,0,0,0,0,0,0,0,N/A,N/A,N/A,N/A,N/A,?,0,0,0,N/A,P0,P0,82
2019/11/27,14:55:52,44.6875,300,50%,405,0,2,8,3890,0,N/A,?,0,16,1,1,1,16,1,1,1,0,0,0,0,0,0,0,0,N/A,N/A,N/A,N/A,N/A,?,0,0,0,N/A,P0,P0,78
2019/11/27,14:55:53,44.5,300,50%,405,8,7,8,4178,0,N/A,?,0,16,1,1,1,16,1,1,1,0,0,0,0,0,0,0,0,N/A,N/A,N/A,N/A,N/A,?,0,0,0,N/A,P0,P0,83
2019/11/27,14:55:54,44.3125,300,50%,405,7,6,8,3769,0,N/A,?,0,16,1,1,1,16,1,1,1,0,0,0,0,0,0,0,0,N/A,N/A,N/A,N/A,N/A,?,0,0,0,N/A,P0,P0,69
2019/11/27,14:55:55,44.3438,300,50%,405,0,2,8,5884,0,N/A,?,0,16,1,1,1,16,1,1,1,0,0,0,0,0,0,0,0,N/A,N/A,N/A,N/A,N/A,?,0,0,0,N/A,P0,P0,60
2019/11/27,14:55:56,49.9063,1875,28%,4001,60,40,0,43930,0,N/A,?,0,16,0,0,3,16,1,1,3,0,0,0,0,0,0,0,0,N/A,N/A,N/A,N/A,N/A,?,0,0,0,N/A,P0,P0,90
2019/11/27,14:55:57,50.75,1875,100%,4001,88,65,0,48038,0,N/A,?,0,16,0,0,3,16,1,1,3,0,0,0,0,0,0,0,0,N/A,N/A,N/A,N/A,N/A,?,0,0,0,N/A,P0,P0,92
2019/11/27,14:55:58,50.9375,1890,99%,4001,90,67,0,39777,0,N/A,?,0,16,0,0,3,16,1,1,3,0,0,0,0,0,0,0,0,N/A,N/A,N/A,N/A,N/A,?,0,0,0,N/A,P0,P0,92
2019/11/27,14:55:59,52.0313,1875,99%,4001,89,67,0,51723,0,N/A,?,0,16,0,0,3,16,1,1,3,0,0,0,0,0,0,0,0,N/A,N/A,N/A,N/A,N/A,?,0,0,0,N/A,P0,P0,93
2019/11/27,14:56:00,52.4688,1875,99%,4001,90,68,0,53040,0,N/A,?,0,16,0,0,3,16,1,1,3,0,0,0,0,0,0,0,0,N/A,N/A,N/A,N/A,N/A,?,0,0,0,N/A,P0,P0,95
2019/11/27,14:56:01,52.4063,1860,100%,4001,90,68,0,49129,0,N/A,?,0,16,0,0,3,16,1,1,3,0,0,0,0,0,0,0,0,N/A,N/A,N/A,N/A,N/A,?,0,0,0,N/A,P0,P0,94
2019/11/27,14:56:02,53.0313,1890,98%,4001,91,68,0,45664,0,N/A,?,0,16,0,0,3,16,1,1,3,0,0,0,0,0,0,0,0,N/A,N/A,N/A,N/A,N/A,?,0,0,0,N/A,P0,P0,95
2019/11/27,14:56:03,53.0625,1875,99%,4001,89,67,0,43695,0,N/A,?,0,16,0,0,3,16,1,1,3,0,0,0,0,0,0,0,0,N/A,N/A,N/A,N/A,N/A,?,0,0,0,N/A,P0,P0,94
2019/11/27,14:56:04,53.8438,1890,98%,4001,90,68,0,45011,0,N/A,?,0,16,0,0,3,16,1,1,3,0,0,0,0,0,0,0,0,N/A,N/A,N/A,N/A,N/A,?,0,0,0,N/A,P0,P0,95
2019/11/27,14:56:05,53.7188,1875,99%,4001,89,67,0,35672,0,N/A,?,0,16,0,0,3,16,1,1,3,0,0,0,0,0,0,0,0,N/A,N/A,N/A,N/A,N/A,?,0,0,0,N/A,P0,P0,94
2019/11/27,14:56:06,54.4063,1875,99%,4001,88,67,0,46412,0,N/A,?,0,16,0,0,3,16,1,1,3,0,0,0,0,0,0,0,0,N/A,N/A,N/A,N/A,N/A,?,0,0,0,N/A,P0,P0,95
2019/11/27,14:56:07,54.5625,1860,100%,4001,88,68,0,52211,0,N/A,?,0,16,0,0,3,16,1,1,3,0,0,0,0,0,0,0,0,N/A,N/A,N/A,N/A,N/A,?,0,0,0,N/A,P0,P0,95
2019/11/27,14:56:08,54.375,1845,101%,4001,87,68,0,50636,0,N/A,?,0,16,0,0,3,16,1,1,3,0,0,0,0,0,0,0,0,N/A,N/A,N/A,N/A,N/A,?,0,0,0,N/A,P0,P0,93
2019/11/27,14:56:09,54.6875,1875,99%,4001,87,68,0,42995,0,N/A,?,0,16,0,0,3,16,1,1,3,0,0,0,0,0,0,0,0,N/A,N/A,N/A,N/A,N/A,?,0,0,0,N/A,P0,P0,94
2019/11/27,14:56:10,51.2188,1890,98%,4001,87,66,0,18158,0,N/A,?,0,16,0,0,3,16,1,1,3,0,0,0,0,0,0,0,0,N/A,N/A,N/A,N/A,N/A,?,0,0,0,N/A,P0,P0,68
2019/11/27,14:56:11,50.875,1890,100%,4001,5,4,0,17959,0,N/A,?,0,16,0,0,3,16,1,1,3,0,0,0,0,0,0,0,0,N/A,N/A,N/A,N/A,N/A,?,0,0,0,N/A,P0,P0,54
2019/11/27,14:56:12,49.1875,405,456%,810,0,0,5,8010,0,N/A,?,0,16,1,1,2,16,1,1,2,0,0,0,0,0,0,0,0,N/A,N/A,N/A,N/A,N/A,?,0,0,0,N/A,P0,P0,53
